roll_no,name,year,course,branch
25H71A0501,Kabir Saxena,1,B.Tech,AIDS
25H71A0502,Aarush Menon,1,B.Tech,AIDS
25H71A0503,Esha Joshi,1,B.Tech,AIDS
25H71A0504,Diya Joshi,1,B.Tech,AIDS
25H71A0505,Anvi Chatterjee,1,B.Tech,AIDS
25H71A0506,Pranav Saxena,1,B.Tech,AIDS
25H71A0507,Anvi Joshi,1,B.Tech,AIDS
25H71A0508,Sahana Pandey,1,B.Tech,AIDS
25H71A0509,Tanvi Bhardwaj,1,B.Tech,AIDS
25H71A0510,Aahana Menon,1,B.Tech,AIDS
25H71A0511,Reyansh Trivedi,1,B.Tech,AIDS
25H71A0512,Diya Menon,1,B.Tech,AIDS
25H71A0513,Ishaan Chopra,1,B.Tech,AIDS
25H71A0514,Kabir Joshi,1,B.Tech,AIDS
25H71A0515,Arin Joshi,1,B.Tech,AIDS
25H71A0516,Reyansh Bhardwaj,1,B.Tech,AIDS
25H71A0517,Pranav Pandey,1,B.Tech,AIDS
25H71A0518,Diya Chopra,1,B.Tech,AIDS
25H71A0519,Kiara Choudhary,1,B.Tech,AIDS
25H71A0520,Kiara Mehra,1,B.Tech,AIDS
25H71A0521,Pranav Mehra,1,B.Tech,AIDS
25H71A0522,Diya Shukla,1,B.Tech,AIDS
25H71A0523,Ishaan D'Souza,1,B.Tech,AIDS
25H71A0524,Neil Iyer,1,B.Tech,AIDS
25H71A0525,Arin Pandey,1,B.Tech,AIDS
25H71A0526,Kabir Mehra,1,B.Tech,AIDS
25H71A0527,Pranav Iyer,1,B.Tech,AIDS
25H71A0528,Kiara Pandey,1,B.Tech,AIDS
25H71A0529,Kabir Kapadia,1,B.Tech,AIDS
25H71A0530,Vivaan Joshi,1,B.Tech,AIDS
25H71A0531,Aahana Deshmukh,1,B.Tech,AIDS
25H71A0532,Aahana Bhattacharya,1,B.Tech,AIDS
25H71A0533,Reyansh Ganguly,1,B.Tech,AIDS
25H71A0534,Arin Trivedi,1,B.Tech,AIDS
25H71A0535,Dev Chopra,1,B.Tech,AIDS
25H71A0536,Aarush Kapadia,1,B.Tech,AIDS
25H71A0537,Myra Saxena,1,B.Tech,AIDS
25H71A0538,Esha Pandey,1,B.Tech,AIDS
25H71A0539,Esha D'Souza,1,B.Tech,AIDS
25H71A0540,Aarush Joshi,1,B.Tech,AIDS
25H71A0541,Tania Joshi,1,B.Tech,AIDS
25H71A0542,Tanvi Malik,1,B.Tech,AIDS
25H71A0543,Tanvi Chatterjee,1,B.Tech,AIDS
25H71A0544,Sahana Chatterjee,1,B.Tech,AIDS
25H71A0545,Mira Iyer,1,B.Tech,AIDS
25H71A0546,Tanvi Ganguly,1,B.Tech,AIDS
25H71A0547,Kabir Nayak,1,B.Tech,AIDS
25H71A0548,Vivaan Chopra,1,B.Tech,AIDS
25H71A0549,Reyansh Bhardwaj,1,B.Tech,AIDS
25H71A0550,Raghav Saxena,1,B.Tech,AIDS
25H71A0551,Sahana D'Souza,1,B.Tech,AIDS
25H71A0552,Ishaan Rao,1,B.Tech,AIDS
25H71A0553,Mira Trivedi,1,B.Tech,AIDS
25H71A0554,Esha Rao,1,B.Tech,AIDS
25H71A0555,Tania Saxena,1,B.Tech,AIDS
25H71A0556,Myra Trivedi,1,B.Tech,AIDS
25H71A0557,Esha Nayak,1,B.Tech,AIDS
25H71A0558,Anvi Iyer,1,B.Tech,AIDS
25H71A0559,Neil Rao,1,B.Tech,AIDS
25H71A0560,Anvi Malik,1,B.Tech,AIDS
25H71A0561,Neil Shukla,1,B.Tech,AIDS
25H71A0562,Mira Mehra,1,B.Tech,AIDS
25H71A0563,Vivaan Trivedi,1,B.Tech,AIDS
25H71A0564,Raghav Ganguly,1,B.Tech,AIDS
25H71A0565,Vivaan Iyer,1,B.Tech,AIDS
25H71A0566,Diya Bhardwaj,1,B.Tech,AIDS
25H71A0567,Reyansh Mehra,1,B.Tech,AIDS
25H71A0568,Myra Kapadia,1,B.Tech,AIDS
25H71A0569,Dev Saxena,1,B.Tech,AIDS
25H71A0570,Dev Shukla,1,B.Tech,AIDS
25H71A0571,Kiara Deshmukh,1,B.Tech,AIDS
25H71A0572,Tanvi Bhardwaj,1,B.Tech,AIDS
25H71A0573,Neil Rao,1,B.Tech,AIDS
25H71A0574,Raghav Menon,1,B.Tech,AIDS
25H71A0575,Diya Chatterjee,1,B.Tech,AIDS
25H71A0576,Vivaan D'Souza,1,B.Tech,AIDS
25H71A0577,Esha Choudhary,1,B.Tech,AIDS
25H71A0578,Dev D'Souza,1,B.Tech,AIDS
25H71A0579,Sahana Shukla,1,B.Tech,AIDS
25H71A0580,Ishaan Chatterjee,1,B.Tech,AIDS
25H71A0581,Diya Menon,1,B.Tech,AIDS
25H71A0582,Tanvi Pandey,1,B.Tech,AIDS
25H71A0583,Sahana Choudhary,1,B.Tech,AIDS
25H71A0584,Neil Joshi,1,B.Tech,AIDS
25H71A0585,Raghav Rao,1,B.Tech,AIDS
25H71A0586,Tanvi Chopra,1,B.Tech,AIDS
25H71A0587,Pranav Bhardwaj,1,B.Tech,AIDS
25H71A0588,Dev Menon,1,B.Tech,AIDS
25H71A0589,Tanvi Trivedi,1,B.Tech,AIDS
25H71A0590,Myra Nayak,1,B.Tech,AIDS
25H71A0591,Arin Saxena,1,B.Tech,AIDS
25H71A0592,Kiara Joshi,1,B.Tech,AIDS
25H71A0593,Diya Iyer,1,B.Tech,AIDS
25H71A0594,Vivaan Deshmukh,1,B.Tech,AIDS
25H71A0595,Pranav Rao,1,B.Tech,AIDS
25H71A0596,Aarush Kapadia,1,B.Tech,AIDS
25H71A0597,Esha Saxena,1,B.Tech,AIDS
25H71A0598,Vivaan Kapadia,1,B.Tech,AIDS
25H71A0599,Dev Menon,1,B.Tech,AIDS
25H71A05A0,Pranav Rao,1,B.Tech,AIDS
25H71A05A1,Vivaan Choudhary,1,B.Tech,AIDS
25H71A05A2,Tanvi Chopra,1,B.Tech,AIDS
25H71A05A3,Arin Deshmukh,1,B.Tech,AIDS
25H71A05A4,Neil Pandey,1,B.Tech,AIDS
25H71A05A5,Neil Deshmukh,1,B.Tech,AIDS
25H71A05A6,Tania Trivedi,1,B.Tech,AIDS
25H71A05A7,Esha Choudhary,1,B.Tech,AIDS
25H71A05A8,Mira Chopra,1,B.Tech,AIDS
25H71A05A9,Dev Nayak,1,B.Tech,AIDS
25H71A05B0,Aarush Shukla,1,B.Tech,AIDS
25H71A05B1,Vivaan Joshi,1,B.Tech,AIDS
25H71A05B2,Tania Nayak,1,B.Tech,AIDS
25H71A05B3,Kiara D'Souza,1,B.Tech,AIDS
25H71A05B4,Reyansh Pandey,1,B.Tech,AIDS
25H71A05B5,Tania Iyer,1,B.Tech,AIDS
25H71A05B6,Dev Shukla,1,B.Tech,AIDS
25H71A05B7,Mira Bhattacharya,1,B.Tech,AIDS
25H71A05B8,Anvi Malik,1,B.Tech,AIDS
25H71A05B9,Aahana Menon,1,B.Tech,AIDS
25H71A05C0,Neil Mehra,1,B.Tech,AIDS
25H71A05C1,Tania Trivedi,1,B.Tech,AIDS
25H71A05C2,Neil Shukla,1,B.Tech,AIDS
25H71A05C3,Kiara Mehra,1,B.Tech,AIDS
25H71A05C4,Neil Pandey,1,B.Tech,AIDS
25H71A05C5,Vivaan Mehra,1,B.Tech,AIDS
25H71A05C6,Anvi Bhattacharya,1,B.Tech,AIDS
25H71A05C7,Mira Mehra,1,B.Tech,AIDS
25H71A05C8,Dev Mehra,1,B.Tech,AIDS
25H71A05C9,Kiara Menon,1,B.Tech,AIDS
25H71A05D0,Kiara Malik,1,B.Tech,AIDS
25H71A05D1,Dev Chopra,1,B.Tech,AIDS
25H71A05D2,Tanvi Trivedi,1,B.Tech,AIDS
25H71A05D3,Neil Bhardwaj,1,B.Tech,AIDS
25H71A05D4,Kabir Chatterjee,1,B.Tech,AIDS
25H71A05D5,Vivaan Pandey,1,B.Tech,AIDS
25H71A05D6,Neil Kapadia,1,B.Tech,AIDS
25H71A05D7,Vivaan Mehra,1,B.Tech,AIDS
25H71A05D8,Tania Choudhary,1,B.Tech,AIDS
25H71A05D9,Aarush D'Souza,1,B.Tech,AIDS
25H71A05E0,Raghav Chopra,1,B.Tech,AIDS
25H71A05E1,Pranav Chopra,1,B.Tech,AIDS
25H71A05E2,Aarush D'Souza,1,B.Tech,AIDS
25H71A05E3,Dev Ganguly,1,B.Tech,AIDS
25H71A05E4,Tania Rao,1,B.Tech,AIDS
25H71A05E5,Kiara Kapadia,1,B.Tech,AIDS
25H71A05E6,Kabir Bhattacharya,1,B.Tech,AIDS
25H71A05E7,Kiara Ganguly,1,B.Tech,AIDS
25H71A05E8,Vivaan Bhardwaj,1,B.Tech,AIDS
25H71A05E9,Tanvi Choudhary,1,B.Tech,AIDS
25H71A05F0,Aahana Choudhary,1,B.Tech,AIDS
25H71A05F1,Anvi Rao,1,B.Tech,AIDS
25H71A05F2,Esha Bhattacharya,1,B.Tech,AIDS
25H71A05F3,Kiara Trivedi,1,B.Tech,AIDS
25H71A05F4,Dev Kapadia,1,B.Tech,AIDS
25H71A05F5,Pranav Deshmukh,1,B.Tech,AIDS
25H71A05F6,Sahana Iyer,1,B.Tech,AIDS
25H71A05F7,Kabir Shukla,1,B.Tech,AIDS
25H71A05F8,Reyansh Ganguly,1,B.Tech,AIDS
25H71A05F9,Sahana Chopra,1,B.Tech,AIDS
25H71A05G0,Pranav Choudhary,1,B.Tech,AIDS
25H71A05G1,Dev Choudhary,1,B.Tech,AIDS
25H71A05G2,Mira Bhattacharya,1,B.Tech,AIDS
25H71A05G3,Esha Rao,1,B.Tech,AIDS
25H71A05G4,Aahana Saxena,1,B.Tech,AIDS
25H71A05G5,Kabir Chopra,1,B.Tech,AIDS
25H71A05G6,Esha Deshmukh,1,B.Tech,AIDS
25H71A05G7,Tanvi Chatterjee,1,B.Tech,AIDS
25H71A05G8,Anvi Trivedi,1,B.Tech,AIDS
25H71A05G9,Mira D'Souza,1,B.Tech,AIDS
25H71A05H0,Ishaan Menon,1,B.Tech,AIDS
25H71A05H1,Kabir Chatterjee,1,B.Tech,AIDS
25H71A05H2,Myra Ganguly,1,B.Tech,AIDS
25H71A05H3,Tanvi Trivedi,1,B.Tech,AIDS
25H71A05H4,Mira Rao,1,B.Tech,AIDS
25H71A05H5,Tanvi Deshmukh,1,B.Tech,AIDS
25H71A05H6,Aahana Kapadia,1,B.Tech,AIDS
25H71A05H7,Myra Iyer,1,B.Tech,AIDS
25H71A05H8,Sahana Menon,1,B.Tech,AIDS
25H71A05H9,Tanvi Mehra,1,B.Tech,AIDS
25H71A05I0,Mira Bhattacharya,1,B.Tech,AIDS
25H71A05I1,Aahana Rao,1,B.Tech,AIDS
25H71A05I2,Aahana Bhattacharya,1,B.Tech,AIDS
25H71A05I3,Neil Kapadia,1,B.Tech,AIDS
25H71A05I4,Reyansh Chopra,1,B.Tech,AIDS
25H71A05I5,Mira Malik,1,B.Tech,AIDS
25H71A05I6,Pranav Chopra,1,B.Tech,AIDS
25H71A05I7,Esha Mehra,1,B.Tech,AIDS
25H71A05I8,Kabir Choudhary,1,B.Tech,AIDS
25H71A05I9,Esha Bhattacharya,1,B.Tech,AIDS
25H71A05J0,Reyansh Malik,1,B.Tech,AIDS
25H71A05J1,Mira Mehra,1,B.Tech,AIDS
25H71A05J2,Vivaan Joshi,1,B.Tech,AIDS
25H71A05J3,Myra Iyer,1,B.Tech,AIDS
25H71A05J4,Kabir Iyer,1,B.Tech,AIDS
25H71A05J5,Aahana Deshmukh,1,B.Tech,AIDS
25H71A05J6,Tania Malik,1,B.Tech,AIDS
25H71A05J7,Vivaan Pandey,1,B.Tech,AIDS
25H71A05J8,Arin Bhattacharya,1,B.Tech,AIDS
25H71A05J9,Kiara Kapadia,1,B.Tech,AIDS
25H71B0501,Esha Bhattacharya,1,B.Tech,AIDS
25H71B0502,Kiara Chatterjee,1,B.Tech,AIDS
25H71B0503,Kiara Deshmukh,1,B.Tech,AIDS
25H71B0504,Kiara Ganguly,1,B.Tech,AIDS
25H71B0505,Arin Shukla,1,B.Tech,AIDS
25H71B0506,Raghav Mehra,1,B.Tech,AIDS
25H71B0507,Aarush Bhattacharya,1,B.Tech,AIDS
25H71B0508,Esha Mehra,1,B.Tech,AIDS
25H71B0509,Raghav Shukla,1,B.Tech,AIDS
25H71B0510,Aarush Rao,1,B.Tech,AIDS
25H71B0511,Neil Ganguly,1,B.Tech,AIDS
25H71B0512,Ishaan Deshmukh,1,B.Tech,AIDS
25H71B0513,Aahana D'Souza,1,B.Tech,AIDS
25H71B0514,Kiara Joshi,1,B.Tech,AIDS
25H71B0515,Esha Ganguly,1,B.Tech,AIDS
25H71B0516,Ishaan Malik,1,B.Tech,AIDS
25H71B0517,Raghav Mehra,1,B.Tech,AIDS
25H71B0518,Mira Chatterjee,1,B.Tech,AIDS
25H71B0519,Pranav Trivedi,1,B.Tech,AIDS
25H71B0520,Mira Bhattacharya,1,B.Tech,AIDS
25H71B0521,Ishaan Shukla,1,B.Tech,AIDS
25H71B0522,Aarush Rao,1,B.Tech,AIDS
25H71B0523,Kabir Rao,1,B.Tech,AIDS
25H71B0524,Kiara Mehra,1,B.Tech,AIDS
25H71B0525,Dev Chopra,1,B.Tech,AIDS
25H71B0526,Neil Chatterjee,1,B.Tech,AIDS
25H71B0527,Diya Saxena,1,B.Tech,AIDS
25H71B0528,Dev Choudhary,1,B.Tech,AIDS
25H71B0529,Kabir Rao,1,B.Tech,AIDS
25H71B0530,Dev Bhattacharya,1,B.Tech,AIDS
25H71B0531,Kiara Shukla,1,B.Tech,AIDS
25H71B0532,Neil Choudhary,1,B.Tech,AIDS
25H71B0533,Aarush Nayak,1,B.Tech,AIDS
25H71B0534,Aarush Bhattacharya,1,B.Tech,AIDS
25H71B0535,Sahana Chopra,1,B.Tech,AIDS
25H71B0536,Sahana Bhardwaj,1,B.Tech,AIDS
25H71B0537,Vivaan Rao,1,B.Tech,AIDS
25H71B0538,Dev Iyer,1,B.Tech,AIDS
25H71B0539,Arin D'Souza,1,B.Tech,AIDS
25H71B0540,Tanvi Trivedi,1,B.Tech,AIDS
25H71B0541,Kiara Iyer,1,B.Tech,AIDS
25H71B0542,Mira Deshmukh,1,B.Tech,AIDS
25H71B0543,Ishaan Saxena,1,B.Tech,AIDS
25H71B0544,Ishaan Joshi,1,B.Tech,AIDS
25H71B0545,Pranav Chatterjee,1,B.Tech,AIDS
25H71B0546,Neil Bhardwaj,1,B.Tech,AIDS
25H71B0547,Dev Choudhary,1,B.Tech,AIDS
25H71B0548,Raghav Bhattacharya,1,B.Tech,AIDS
25H71B0549,Sahana Trivedi,1,B.Tech,AIDS
25H71B0550,Ishaan D'Souza,1,B.Tech,AIDS
25H71B0551,Tania Kapadia,1,B.Tech,AIDS
25H71B0552,Aarush Menon,1,B.Tech,AIDS
25H71B0553,Aahana Chatterjee,1,B.Tech,AIDS
25H71B0554,Raghav Iyer,1,B.Tech,AIDS
25H71B0555,Kiara Saxena,1,B.Tech,AIDS
25H71B0556,Vivaan Bhardwaj,1,B.Tech,AIDS
25H71B0557,Diya D'Souza,1,B.Tech,AIDS
25H71B0558,Myra Saxena,1,B.Tech,AIDS
25H71B0559,Anvi Pandey,1,B.Tech,AIDS
25H71B0560,Kiara Malik,1,B.Tech,AIDS
25H71B0561,Arin Saxena,1,B.Tech,AIDS
25H71B0562,Kiara Chatterjee,1,B.Tech,AIDS
25H71B0563,Neil Iyer,1,B.Tech,AIDS
25H71B0564,Anvi Joshi,1,B.Tech,AIDS
25H71B0565,Esha Joshi,1,B.Tech,AIDS
25H71B0566,Tanvi Ganguly,1,B.Tech,AIDS
25H71B0567,Ishaan Kapadia,1,B.Tech,AIDS
25H71B0568,Dev Malik,1,B.Tech,AIDS
25H71B0569,Myra Malik,1,B.Tech,AIDS
25H71B0570,Reyansh Trivedi,1,B.Tech,AIDS
25H71B0571,Reyansh Trivedi,1,B.Tech,AIDS
25H71B0572,Esha Nayak,1,B.Tech,AIDS
25H71B0573,Neil Choudhary,1,B.Tech,AIDS
25H71B0574,Diya Joshi,1,B.Tech,AIDS
25H71B0575,Arin Malik,1,B.Tech,AIDS
25H71B0576,Neil Kapadia,1,B.Tech,AIDS
25H71B0577,Tania Bhardwaj,1,B.Tech,AIDS
25H71B0578,Mira Trivedi,1,B.Tech,AIDS
25H71B0579,Pranav Ganguly,1,B.Tech,AIDS
25H71B0580,Esha Saxena,1,B.Tech,AIDS
25H71B0581,Aarush Pandey,1,B.Tech,AIDS
25H71B0582,Mira Chatterjee,1,B.Tech,AIDS
25H71B0583,Vivaan Chopra,1,B.Tech,AIDS
25H71B0584,Mira D'Souza,1,B.Tech,AIDS
25H71B0585,Arin Joshi,1,B.Tech,AIDS
25H71B0586,Kabir D'Souza,1,B.Tech,AIDS
25H71B0587,Myra D'Souza,1,B.Tech,AIDS
25H71B0588,Vivaan Malik,1,B.Tech,AIDS
25H71B0589,Aahana Rao,1,B.Tech,AIDS
25H71B0590,Neil Deshmukh,1,B.Tech,AIDS
25H71B0591,Kiara Chatterjee,1,B.Tech,AIDS
25H71B0592,Anvi Mehra,1,B.Tech,AIDS
25H71B0593,Aahana Bhardwaj,1,B.Tech,AIDS
25H71B0594,Raghav Pandey,1,B.Tech,AIDS
25H71B0595,Esha Pandey,1,B.Tech,AIDS
25H71B0596,Aarush Deshmukh,1,B.Tech,AIDS
25H71B0597,Anvi Malik,1,B.Tech,AIDS
25H71B0598,Esha Trivedi,1,B.Tech,AIDS
25H71B0599,Aahana Kapadia,1,B.Tech,AIDS
25H71B05A0,Diya Pandey,1,B.Tech,AIDS
25H71B05A1,Dev Malik,1,B.Tech,AIDS
25H71B05A2,Anvi Kapadia,1,B.Tech,AIDS
25H71B05A3,Aahana Bhardwaj,1,B.Tech,AIDS
25H71B05A4,Anvi Deshmukh,1,B.Tech,AIDS
25H71B05A5,Tanvi Pandey,1,B.Tech,AIDS
25H71B05A6,Kabir D'Souza,1,B.Tech,AIDS
25H71B05A7,Kiara Saxena,1,B.Tech,AIDS
25H71B05A8,Sahana Malik,1,B.Tech,AIDS
25H71B05A9,Aahana Menon,1,B.Tech,AIDS
25H71B05B0,Tania Deshmukh,1,B.Tech,AIDS
25H71B05B1,Sahana Chatterjee,1,B.Tech,AIDS
25H71B05B2,Esha Bhardwaj,1,B.Tech,AIDS
25H71B05B3,Tanvi Deshmukh,1,B.Tech,AIDS
25H71B05B4,Ishaan Bhattacharya,1,B.Tech,AIDS
25H71B05B5,Tanvi Malik,1,B.Tech,AIDS
25H71B05B6,Vivaan Trivedi,1,B.Tech,AIDS
25H71B05B7,Raghav Nayak,1,B.Tech,AIDS
25H71B05B8,Anvi Shukla,1,B.Tech,AIDS
25H71B05B9,Tanvi Deshmukh,1,B.Tech,AIDS
25H71B05C0,Raghav Mehra,1,B.Tech,AIDS
25H71B05C1,Reyansh Iyer,1,B.Tech,AIDS
25H71B05C2,Pranav Joshi,1,B.Tech,AIDS
25H71B05C3,Vivaan Nayak,1,B.Tech,AIDS
25H71B05C4,Raghav Nayak,1,B.Tech,AIDS
25H71B05C5,Dev Saxena,1,B.Tech,AIDS
25H71B05C6,Aarush Bhattacharya,1,B.Tech,AIDS
25H71B05C7,Kiara Chopra,1,B.Tech,AIDS
25H71B05C8,Tania Kapadia,1,B.Tech,AIDS
25H71B05C9,Reyansh Joshi,1,B.Tech,AIDS
25H71B05D0,Mira Joshi,1,B.Tech,AIDS
25H71B05D1,Mira Menon,1,B.Tech,AIDS
25H71B05D2,Tanvi Trivedi,1,B.Tech,AIDS
25H71B05D3,Tanvi Trivedi,1,B.Tech,AIDS
25H71B05D4,Vivaan D'Souza,1,B.Tech,AIDS
25H71B05D5,Tanvi Bhardwaj,1,B.Tech,AIDS
25H71B05D6,Ishaan Menon,1,B.Tech,AIDS
25H71B05D7,Dev Bhardwaj,1,B.Tech,AIDS
25H71B05D8,Vivaan Deshmukh,1,B.Tech,AIDS
25H71B05D9,Mira Saxena,1,B.Tech,AIDS
25H71B05E0,Tania Pandey,1,B.Tech,AIDS
25H71B05E1,Neil Kapadia,1,B.Tech,AIDS
25H71B05E2,Dev Ganguly,1,B.Tech,AIDS
25H71B05E3,Raghav Saxena,1,B.Tech,AIDS
25H71B05E4,Tania Saxena,1,B.Tech,AIDS
25H71B05E5,Neil Shukla,1,B.Tech,AIDS
25H71B05E6,Arin Shukla,1,B.Tech,AIDS
25H71B05E7,Pranav D'Souza,1,B.Tech,AIDS
25H71B05E8,Arin Ganguly,1,B.Tech,AIDS
25H71B05E9,Tanvi Nayak,1,B.Tech,AIDS
25H71B05F0,Dev Kapadia,1,B.Tech,AIDS
25H71B05F1,Aarush Rao,1,B.Tech,AIDS
25H71B05F2,Ishaan D'Souza,1,B.Tech,AIDS
25H71B05F3,Sahana Menon,1,B.Tech,AIDS
25H71B05F4,Myra Joshi,1,B.Tech,AIDS
25H71B05F5,Aahana Mehra,1,B.Tech,AIDS
25H71B05F6,Anvi D'Souza,1,B.Tech,AIDS
25H71B05F7,Tanvi Bhardwaj,1,B.Tech,AIDS
25H71B05F8,Aahana Chatterjee,1,B.Tech,AIDS
25H71B05F9,Raghav Ganguly,1,B.Tech,AIDS
25H71B05G0,Anvi Nayak,1,B.Tech,AIDS
25H71B05G1,Reyansh Bhattacharya,1,B.Tech,AIDS
25H71B05G2,Reyansh Deshmukh,1,B.Tech,AIDS
25H71B05G3,Sahana D'Souza,1,B.Tech,AIDS
25H71B05G4,Anvi D'Souza,1,B.Tech,AIDS
25H71B05G5,Reyansh Kapadia,1,B.Tech,AIDS
25H71B05G6,Sahana Mehra,1,B.Tech,AIDS
25H71B05G7,Raghav Saxena,1,B.Tech,AIDS
25H71B05G8,Vivaan Bhattacharya,1,B.Tech,AIDS
25H71B05G9,Kiara Malik,1,B.Tech,AIDS
25H71B05H0,Diya Kapadia,1,B.Tech,AIDS
25H71B05H1,Tanvi Saxena,1,B.Tech,AIDS
25H71B05H2,Myra Choudhary,1,B.Tech,AIDS
25H71B05H3,Kiara Nayak,1,B.Tech,AIDS
25H71B05H4,Kabir Joshi,1,B.Tech,AIDS
25H71B05H5,Mira Ganguly,1,B.Tech,AIDS
25H71B05H6,Anvi Malik,1,B.Tech,AIDS
25H71B05H7,Diya Choudhary,1,B.Tech,AIDS
25H71B05H8,Pranav Choudhary,1,B.Tech,AIDS
25H71B05H9,Sahana Shukla,1,B.Tech,AIDS
25H71B05I0,Kabir Chatterjee,1,B.Tech,AIDS
25H71B05I1,Myra Choudhary,1,B.Tech,AIDS
25H71B05I2,Myra Choudhary,1,B.Tech,AIDS
25H71B05I3,Mira Shukla,1,B.Tech,AIDS
25H71B05I4,Tania Menon,1,B.Tech,AIDS
25H71B05I5,Kabir Shukla,1,B.Tech,AIDS
25H71B05I6,Tania Trivedi,1,B.Tech,AIDS
25H71B05I7,Esha Menon,1,B.Tech,AIDS
25H71B05I8,Mira Mehra,1,B.Tech,AIDS
25H71B05I9,Vivaan Ganguly,1,B.Tech,AIDS
25H71B05J0,Kabir Iyer,1,B.Tech,AIDS
25H71B05J1,Raghav D'Souza,1,B.Tech,AIDS
25H71B05J2,Aarush Bhardwaj,1,B.Tech,AIDS
25H71B05J3,Sahana Rao,1,B.Tech,AIDS
25H71B05J4,Aarush Nayak,1,B.Tech,AIDS
25H71B05J5,Mira Chopra,1,B.Tech,AIDS
25H71B05J6,Dev Trivedi,1,B.Tech,AIDS
25H71B05J7,Aahana Pandey,1,B.Tech,AIDS
25H71B05J8,Tanvi Chatterjee,1,B.Tech,AIDS
25H71B05J9,Esha Ganguly,1,B.Tech,AIDS
25H71C0501,Esha Pandey,1,B.Tech,AIDS
25H71C0502,Raghav Mehra,1,B.Tech,AIDS
25H71C0503,Anvi Saxena,1,B.Tech,AIDS
25H71C0504,Raghav Choudhary,1,B.Tech,AIDS
25H71C0505,Aahana Malik,1,B.Tech,AIDS
25H71C0506,Diya Chopra,1,B.Tech,AIDS
25H71C0507,Ishaan Bhardwaj,1,B.Tech,AIDS
25H71C0508,Neil Chopra,1,B.Tech,AIDS
25H71C0509,Diya Shukla,1,B.Tech,AIDS
25H71C0510,Pranav Choudhary,1,B.Tech,AIDS
25H71C0511,Pranav Kapadia,1,B.Tech,AIDS
25H71C0512,Vivaan Pandey,1,B.Tech,AIDS
25H71C0513,Sahana Bhardwaj,1,B.Tech,AIDS
25H71C0514,Pranav Pandey,1,B.Tech,AIDS
25H71C0515,Ishaan Iyer,1,B.Tech,AIDS
25H71C0516,Reyansh Chopra,1,B.Tech,AIDS
25H71C0517,Esha Iyer,1,B.Tech,AIDS
25H71C0518,Dev Shukla,1,B.Tech,AIDS
25H71C0519,Myra Shukla,1,B.Tech,AIDS
25H71C0520,Raghav Menon,1,B.Tech,AIDS
25H71C0521,Tania Bhardwaj,1,B.Tech,AIDS
25H71C0522,Kabir Chopra,1,B.Tech,AIDS
25H71C0523,Vivaan Iyer,1,B.Tech,AIDS
25H71C0524,Arin Deshmukh,1,B.Tech,AIDS
25H71C0525,Sahana Nayak,1,B.Tech,AIDS
25H71C0526,Neil Trivedi,1,B.Tech,AIDS
25H71C0527,Pranav Mehra,1,B.Tech,AIDS
25H71C0528,Kabir Joshi,1,B.Tech,AIDS
25H71C0529,Ishaan Choudhary,1,B.Tech,AIDS
25H71C0530,Reyansh Malik,1,B.Tech,AIDS
25H71C0531,Anvi Iyer,1,B.Tech,AIDS
25H71C0532,Sahana Mehra,1,B.Tech,AIDS
25H71C0533,Diya Nayak,1,B.Tech,AIDS
25H71C0534,Sahana Joshi,1,B.Tech,AIDS
25H71C0535,Tania Bhardwaj,1,B.Tech,AIDS
25H71C0536,Raghav Bhattacharya,1,B.Tech,AIDS
25H71C0537,Anvi Mehra,1,B.Tech,AIDS
25H71C0538,Mira Joshi,1,B.Tech,AIDS
25H71C0539,Dev Malik,1,B.Tech,AIDS
25H71C0540,Esha Shukla,1,B.Tech,AIDS
25H71C0541,Anvi Chatterjee,1,B.Tech,AIDS
25H71C0542,Tanvi D'Souza,1,B.Tech,AIDS
25H71C0543,Dev Trivedi,1,B.Tech,AIDS
25H71C0544,Mira D'Souza,1,B.Tech,AIDS
25H71C0545,Aarush Iyer,1,B.Tech,AIDS
25H71C0546,Dev Choudhary,1,B.Tech,AIDS
25H71C0547,Kabir Chopra,1,B.Tech,AIDS
25H71C0548,Tanvi Nayak,1,B.Tech,AIDS
25H71C0549,Aarush D'Souza,1,B.Tech,AIDS
25H71C0550,Myra Bhattacharya,1,B.Tech,AIDS
25H71C0551,Aarush Deshmukh,1,B.Tech,AIDS
25H71C0552,Dev Rao,1,B.Tech,AIDS
25H71C0553,Esha Kapadia,1,B.Tech,AIDS
25H71C0554,Aahana D'Souza,1,B.Tech,AIDS
25H71C0555,Sahana Pandey,1,B.Tech,AIDS
25H71C0556,Neil Bhardwaj,1,B.Tech,AIDS
25H71C0557,Aarush Shukla,1,B.Tech,AIDS
25H71C0558,Reyansh Bhardwaj,1,B.Tech,AIDS
25H71C0559,Aahana Nayak,1,B.Tech,AIDS
25H71C0560,Ishaan Pandey,1,B.Tech,AIDS
25H71C0561,Diya Bhattacharya,1,B.Tech,AIDS
25H71C0562,Mira Mehra,1,B.Tech,AIDS
25H71C0563,Dev Kapadia,1,B.Tech,AIDS
25H71C0564,Reyansh D'Souza,1,B.Tech,AIDS
25H71C0565,Esha Iyer,1,B.Tech,AIDS
25H71C0566,Esha Rao,1,B.Tech,AIDS
25H71C0567,Aarush Nayak,1,B.Tech,AIDS
25H71C0568,Tania Iyer,1,B.Tech,AIDS
25H71C0569,Raghav Choudhary,1,B.Tech,AIDS
25H71C0570,Diya Pandey,1,B.Tech,AIDS
25H71C0571,Dev Menon,1,B.Tech,AIDS
25H71C0572,Tanvi Choudhary,1,B.Tech,AIDS
25H71C0573,Kiara Pandey,1,B.Tech,AIDS
25H71C0574,Raghav Nayak,1,B.Tech,AIDS
25H71C0575,Raghav Joshi,1,B.Tech,AIDS
25H71C0576,Dev Saxena,1,B.Tech,AIDS
25H71C0577,Vivaan Joshi,1,B.Tech,AIDS
25H71C0578,Tania Joshi,1,B.Tech,AIDS
25H71C0579,Arin Nayak,1,B.Tech,AIDS
25H71C0580,Vivaan Mehra,1,B.Tech,AIDS
25H71C0581,Kabir Deshmukh,1,B.Tech,AIDS
25H71C0582,Arin Bhardwaj,1,B.Tech,AIDS
25H71C0583,Esha Ganguly,1,B.Tech,AIDS
25H71C0584,Dev Rao,1,B.Tech,AIDS
25H71C0585,Aarush Chatterjee,1,B.Tech,AIDS
25H71C0586,Myra Joshi,1,B.Tech,AIDS
25H71C0587,Reyansh D'Souza,1,B.Tech,AIDS
25H71C0588,Mira Rao,1,B.Tech,AIDS
25H71C0589,Aarush Kapadia,1,B.Tech,AIDS
25H71C0590,Neil Bhardwaj,1,B.Tech,AIDS
25H71C0591,Aahana D'Souza,1,B.Tech,AIDS
25H71C0592,Reyansh Iyer,1,B.Tech,AIDS
25H71C0593,Esha Ganguly,1,B.Tech,AIDS
25H71C0594,Aahana Choudhary,1,B.Tech,AIDS
25H71C0595,Mira Choudhary,1,B.Tech,AIDS
25H71C0596,Tanvi Nayak,1,B.Tech,AIDS
25H71C0597,Esha Chatterjee,1,B.Tech,AIDS
25H71C0598,Ishaan Chopra,1,B.Tech,AIDS
25H71C0599,Kabir Mehra,1,B.Tech,AIDS
25H71C05A0,Aahana Iyer,1,B.Tech,AIDS
25H71C05A1,Vivaan Ganguly,1,B.Tech,AIDS
25H71C05A2,Raghav Kapadia,1,B.Tech,AIDS
25H71C05A3,Ishaan Iyer,1,B.Tech,AIDS
25H71C05A4,Ishaan Deshmukh,1,B.Tech,AIDS
25H71C05A5,Vivaan Pandey,1,B.Tech,AIDS
25H71C05A6,Myra Choudhary,1,B.Tech,AIDS
25H71C05A7,Vivaan Mehra,1,B.Tech,AIDS
25H71C05A8,Tania Shukla,1,B.Tech,AIDS
25H71C05A9,Aahana Bhardwaj,1,B.Tech,AIDS
25H71C05B0,Vivaan Pandey,1,B.Tech,AIDS
25H71C05B1,Reyansh Chatterjee,1,B.Tech,AIDS
25H71C05B2,Neil Menon,1,B.Tech,AIDS
25H71C05B3,Tanvi Menon,1,B.Tech,AIDS
25H71C05B4,Tanvi Malik,1,B.Tech,AIDS
25H71C05B5,Myra Nayak,1,B.Tech,AIDS
25H71C05B6,Tania Bhardwaj,1,B.Tech,AIDS
25H71C05B7,Arin Choudhary,1,B.Tech,AIDS
25H71C05B8,Anvi Bhardwaj,1,B.Tech,AIDS
25H71C05B9,Raghav Saxena,1,B.Tech,AIDS
25H71C05C0,Esha Chatterjee,1,B.Tech,AIDS
25H71C05C1,Diya Chopra,1,B.Tech,AIDS
25H71C05C2,Reyansh D'Souza,1,B.Tech,AIDS
25H71C05C3,Anvi Nayak,1,B.Tech,AIDS
25H71C05C4,Myra Trivedi,1,B.Tech,AIDS
25H71C05C5,Ishaan Chatterjee,1,B.Tech,AIDS
25H71C05C6,Arin Kapadia,1,B.Tech,AIDS
25H71C05C7,Pranav Bhardwaj,1,B.Tech,AIDS
25H71C05C8,Kiara Trivedi,1,B.Tech,AIDS
25H71C05C9,Pranav Mehra,1,B.Tech,AIDS
25H71C05D0,Sahana Mehra,1,B.Tech,AIDS
25H71C05D1,Myra Choudhary,1,B.Tech,AIDS
25H71C05D2,Reyansh Joshi,1,B.Tech,AIDS
25H71C05D3,Esha Mehra,1,B.Tech,AIDS
25H71C05D4,Aahana Saxena,1,B.Tech,AIDS
25H71C05D5,Diya Mehra,1,B.Tech,AIDS
25H71C05D6,Dev Shukla,1,B.Tech,AIDS
25H71C05D7,Myra Deshmukh,1,B.Tech,AIDS
25H71C05D8,Reyansh Bhattacharya,1,B.Tech,AIDS
25H71C05D9,Anvi Pandey,1,B.Tech,AIDS
25H71C05E0,Aarush Shukla,1,B.Tech,AIDS
25H71C05E1,Tanvi Choudhary,1,B.Tech,AIDS
25H71C05E2,Myra Trivedi,1,B.Tech,AIDS
25H71C05E3,Arin Choudhary,1,B.Tech,AIDS
25H71C05E4,Raghav Bhattacharya,1,B.Tech,AIDS
25H71C05E5,Aahana Chopra,1,B.Tech,AIDS
25H71C05E6,Sahana Trivedi,1,B.Tech,AIDS
25H71C05E7,Tania Bhattacharya,1,B.Tech,AIDS
25H71C05E8,Neil Saxena,1,B.Tech,AIDS
25H71C05E9,Kabir D'Souza,1,B.Tech,AIDS
25H71C05F0,Myra Chopra,1,B.Tech,AIDS
25H71C05F1,Aahana Mehra,1,B.Tech,AIDS
25H71C05F2,Arin Saxena,1,B.Tech,AIDS
25H71C05F3,Myra Ganguly,1,B.Tech,AIDS
25H71C05F4,Pranav D'Souza,1,B.Tech,AIDS
25H71C05F5,Dev Shukla,1,B.Tech,AIDS
25H71C05F6,Myra Rao,1,B.Tech,AIDS
25H71C05F7,Arin Iyer,1,B.Tech,AIDS
25H71C05F8,Pranav Shukla,1,B.Tech,AIDS
25H71C05F9,Tania Bhattacharya,1,B.Tech,AIDS
25H71C05G0,Pranav Saxena,1,B.Tech,AIDS
25H71C05G1,Kiara Pandey,1,B.Tech,AIDS
25H71C05G2,Vivaan Malik,1,B.Tech,AIDS
25H71C05G3,Vivaan Rao,1,B.Tech,AIDS
25H71C05G4,Kabir Malik,1,B.Tech,AIDS
25H71C05G5,Aahana Joshi,1,B.Tech,AIDS
25H71C05G6,Aarush Pandey,1,B.Tech,AIDS
25H71C05G7,Myra Malik,1,B.Tech,AIDS
25H71C05G8,Ishaan Iyer,1,B.Tech,AIDS
25H71C05G9,Pranav Mehra,1,B.Tech,AIDS
25H71C05H0,Diya Iyer,1,B.Tech,AIDS
25H71C05H1,Ishaan Malik,1,B.Tech,AIDS
25H71C05H2,Kabir Malik,1,B.Tech,AIDS
25H71C05H3,Anvi Rao,1,B.Tech,AIDS
25H71C05H4,Reyansh Nayak,1,B.Tech,AIDS
25H71C05H5,Sahana Chopra,1,B.Tech,AIDS
25H71C05H6,Ishaan Bhattacharya,1,B.Tech,AIDS
25H71C05H7,Tania Joshi,1,B.Tech,AIDS
25H71C05H8,Sahana Kapadia,1,B.Tech,AIDS
25H71C05H9,Myra Rao,1,B.Tech,AIDS
25H71C05I0,Arin Malik,1,B.Tech,AIDS
25H71C05I1,Kabir Menon,1,B.Tech,AIDS
25H71C05I2,Tanvi Saxena,1,B.Tech,AIDS
25H71C05I3,Dev Rao,1,B.Tech,AIDS
25H71C05I4,Aahana Menon,1,B.Tech,AIDS
25H71C05I5,Kiara Bhattacharya,1,B.Tech,AIDS
25H71C05I6,Reyansh Malik,1,B.Tech,AIDS
25H71C05I7,Diya Bhattacharya,1,B.Tech,AIDS
25H71C05I8,Pranav Iyer,1,B.Tech,AIDS
25H71C05I9,Raghav Deshmukh,1,B.Tech,AIDS
25H71C05J0,Neil Kapadia,1,B.Tech,AIDS
25H71C05J1,Esha Malik,1,B.Tech,AIDS
25H71C05J2,Arin Kapadia,1,B.Tech,AIDS
25H71C05J3,Raghav Malik,1,B.Tech,AIDS
25H71C05J4,Ishaan Shukla,1,B.Tech,AIDS
25H71C05J5,Aarush Chatterjee,1,B.Tech,AIDS
25H71C05J6,Pranav Trivedi,1,B.Tech,AIDS
25H71C05J7,Kabir Ganguly,1,B.Tech,AIDS
25H71C05J8,Vivaan Trivedi,1,B.Tech,AIDS
25H71C05J9,Anvi D'Souza,1,B.Tech,AIDS
25H71D0501,Reyansh Mehra,1,B.Tech,AIDS
25H71D0502,Esha Pandey,1,B.Tech,AIDS
25H71D0503,Esha Pandey,1,B.Tech,AIDS
25H71D0504,Kiara Joshi,1,B.Tech,AIDS
25H71D0505,Tanvi Chatterjee,1,B.Tech,AIDS
25H71D0506,Aahana Deshmukh,1,B.Tech,AIDS
25H71D0507,Reyansh Bhattacharya,1,B.Tech,AIDS
25H71D0508,Vivaan Bhattacharya,1,B.Tech,AIDS
25H71D0509,Aahana Chatterjee,1,B.Tech,AIDS
25H71D0510,Dev Ganguly,1,B.Tech,AIDS
25H71D0511,Aahana Kapadia,1,B.Tech,AIDS
25H71D0512,Ishaan Saxena,1,B.Tech,AIDS
25H71D0513,Vivaan Menon,1,B.Tech,AIDS
25H71D0514,Ishaan Shukla,1,B.Tech,AIDS
25H71D0515,Anvi Choudhary,1,B.Tech,AIDS
25H71D0516,Aahana Rao,1,B.Tech,AIDS
25H71D0517,Aahana Joshi,1,B.Tech,AIDS
25H71D0518,Tania Mehra,1,B.Tech,AIDS
25H71D0519,Aahana Iyer,1,B.Tech,AIDS
25H71D0520,Ishaan Chopra,1,B.Tech,AIDS
25H71D0521,Mira Chatterjee,1,B.Tech,AIDS
25H71D0522,Diya Rao,1,B.Tech,AIDS
25H71D0523,Mira Malik,1,B.Tech,AIDS
25H71D0524,Tania Iyer,1,B.Tech,AIDS
25H71D0525,Neil D'Souza,1,B.Tech,AIDS
25H71D0526,Raghav Iyer,1,B.Tech,AIDS
25H71D0527,Mira Chopra,1,B.Tech,AIDS
25H71D0528,Tanvi Menon,1,B.Tech,AIDS
25H71D0529,Anvi Saxena,1,B.Tech,AIDS
25H71D0530,Raghav D'Souza,1,B.Tech,AIDS
25H71D0531,Aarush Iyer,1,B.Tech,AIDS
25H71D0532,Ishaan Nayak,1,B.Tech,AIDS
25H71D0533,Vivaan Chopra,1,B.Tech,AIDS
25H71D0534,Kabir Mehra,1,B.Tech,AIDS
25H71D0535,Myra Bhattacharya,1,B.Tech,AIDS
25H71D0536,Diya Rao,1,B.Tech,AIDS
25H71D0537,Dev Chopra,1,B.Tech,AIDS
25H71D0538,Pranav Choudhary,1,B.Tech,AIDS
25H71D0539,Reyansh Ganguly,1,B.Tech,AIDS
25H71D0540,Pranav Mehra,1,B.Tech,AIDS
25H71D0541,Kabir Menon,1,B.Tech,AIDS
25H71D0542,Tania Ganguly,1,B.Tech,AIDS
25H71D0543,Vivaan Nayak,1,B.Tech,AIDS
25H71D0544,Kabir Rao,1,B.Tech,AIDS
25H71D0545,Diya Mehra,1,B.Tech,AIDS
25H71D0546,Raghav Pandey,1,B.Tech,AIDS
25H71D0547,Raghav Nayak,1,B.Tech,AIDS
25H71D0548,Neil Deshmukh,1,B.Tech,AIDS
25H71D0549,Kabir Menon,1,B.Tech,AIDS
25H71D0550,Esha Chatterjee,1,B.Tech,AIDS
25H71D0551,Aarush Deshmukh,1,B.Tech,AIDS
25H71D0552,Sahana Nayak,1,B.Tech,AIDS
25H71D0553,Tania Deshmukh,1,B.Tech,AIDS
25H71D0554,Tania Malik,1,B.Tech,AIDS
25H71D0555,Tanvi Bhardwaj,1,B.Tech,AIDS
25H71D0556,Diya Saxena,1,B.Tech,AIDS
25H71D0557,Tania Kapadia,1,B.Tech,AIDS
25H71D0558,Myra Kapadia,1,B.Tech,AIDS
25H71D0559,Arin Bhardwaj,1,B.Tech,AIDS
25H71D0560,Kabir Rao,1,B.Tech,AIDS
25H71D0561,Tania Kapadia,1,B.Tech,AIDS
25H71D0562,Myra Choudhary,1,B.Tech,AIDS
25H71D0563,Aahana Saxena,1,B.Tech,AIDS
25H71D0564,Raghav Bhardwaj,1,B.Tech,AIDS
25H71D0565,Raghav Deshmukh,1,B.Tech,AIDS
25H71D0566,Vivaan Saxena,1,B.Tech,AIDS
25H71D0567,Tania Deshmukh,1,B.Tech,AIDS
25H71D0568,Pranav Pandey,1,B.Tech,AIDS
25H71D0569,Sahana Saxena,1,B.Tech,AIDS
25H71D0570,Diya D'Souza,1,B.Tech,AIDS
25H71D0571,Ishaan Bhardwaj,1,B.Tech,AIDS
25H71D0572,Anvi Bhardwaj,1,B.Tech,AIDS
25H71D0573,Raghav Deshmukh,1,B.Tech,AIDS
25H71D0574,Aahana Choudhary,1,B.Tech,AIDS
25H71D0575,Raghav Chopra,1,B.Tech,AIDS
25H71D0576,Myra Deshmukh,1,B.Tech,AIDS
25H71D0577,Tania Bhardwaj,1,B.Tech,AIDS
25H71D0578,Sahana D'Souza,1,B.Tech,AIDS
25H71D0579,Kiara Chatterjee,1,B.Tech,AIDS
25H71D0580,Tanvi Nayak,1,B.Tech,AIDS
25H71D0581,Tania Trivedi,1,B.Tech,AIDS
25H71D0582,Kabir Choudhary,1,B.Tech,AIDS
25H71D0583,Aahana Joshi,1,B.Tech,AIDS
25H71D0584,Arin Saxena,1,B.Tech,AIDS
25H71D0585,Anvi Chopra,1,B.Tech,AIDS
25H71D0586,Tania Nayak,1,B.Tech,AIDS
25H71D0587,Tanvi Menon,1,B.Tech,AIDS
25H71D0588,Mira Bhattacharya,1,B.Tech,AIDS
25H71D0589,Dev Joshi,1,B.Tech,AIDS
25H71D0590,Anvi Choudhary,1,B.Tech,AIDS
25H71D0591,Aahana Kapadia,1,B.Tech,AIDS
25H71D0592,Arin Chatterjee,1,B.Tech,AIDS
25H71D0593,Esha Ganguly,1,B.Tech,AIDS
25H71D0594,Vivaan Joshi,1,B.Tech,AIDS
25H71D0595,Pranav Iyer,1,B.Tech,AIDS
25H71D0596,Esha Shukla,1,B.Tech,AIDS
25H71D0597,Mira Nayak,1,B.Tech,AIDS
25H71D0598,Raghav Choudhary,1,B.Tech,AIDS
25H71D0599,Esha Bhardwaj,1,B.Tech,AIDS
25H71D05A0,Neil Ganguly,1,B.Tech,AIDS
25H71D05A1,Pranav Menon,1,B.Tech,AIDS
25H71D05A2,Ishaan Chatterjee,1,B.Tech,AIDS
25H71D05A3,Vivaan Nayak,1,B.Tech,AIDS
25H71D05A4,Raghav Deshmukh,1,B.Tech,AIDS
25H71D05A5,Kiara Mehra,1,B.Tech,AIDS
25H71D05A6,Kabir Nayak,1,B.Tech,AIDS
25H71D05A7,Kiara Chatterjee,1,B.Tech,AIDS
25H71D05A8,Kiara Joshi,1,B.Tech,AIDS
25H71D05A9,Aahana Choudhary,1,B.Tech,AIDS
25H71D05B0,Ishaan Iyer,1,B.Tech,AIDS
25H71D05B1,Arin Mehra,1,B.Tech,AIDS
25H71D05B2,Sahana Mehra,1,B.Tech,AIDS
25H71D05B3,Aarush Bhattacharya,1,B.Tech,AIDS
25H71D05B4,Arin Iyer,1,B.Tech,AIDS
25H71D05B5,Arin Deshmukh,1,B.Tech,AIDS
25H71D05B6,Vivaan Nayak,1,B.Tech,AIDS
25H71D05B7,Dev Chatterjee,1,B.Tech,AIDS
25H71D05B8,Dev Iyer,1,B.Tech,AIDS
25H71D05B9,Mira Saxena,1,B.Tech,AIDS
25H71D05C0,Kiara Joshi,1,B.Tech,AIDS
25H71D05C1,Ishaan Choudhary,1,B.Tech,AIDS
25H71D05C2,Kiara Rao,1,B.Tech,AIDS
25H71D05C3,Reyansh Shukla,1,B.Tech,AIDS
25H71D05C4,Sahana Bhardwaj,1,B.Tech,AIDS
25H71D05C5,Myra Joshi,1,B.Tech,AIDS
25H71D05C6,Myra Rao,1,B.Tech,AIDS
25H71D05C7,Diya Bhardwaj,1,B.Tech,AIDS
25H71D05C8,Kiara Bhardwaj,1,B.Tech,AIDS
25H71D05C9,Aarush Mehra,1,B.Tech,AIDS
25H71D05D0,Neil Nayak,1,B.Tech,AIDS
25H71D05D1,Kiara Mehra,1,B.Tech,AIDS
25H71D05D2,Dev Rao,1,B.Tech,AIDS
25H71D05D3,Esha Pandey,1,B.Tech,AIDS
25H71D05D4,Arin Rao,1,B.Tech,AIDS
25H71D05D5,Myra Saxena,1,B.Tech,AIDS
25H71D05D6,Pranav Bhardwaj,1,B.Tech,AIDS
25H71D05D7,Vivaan Chatterjee,1,B.Tech,AIDS
25H71D05D8,Tania Shukla,1,B.Tech,AIDS
25H71D05D9,Diya Malik,1,B.Tech,AIDS
25H71D05E0,Vivaan Pandey,1,B.Tech,AIDS
25H71D05E1,Kabir Kapadia,1,B.Tech,AIDS
25H71D05E2,Esha Iyer,1,B.Tech,AIDS
25H71D05E3,Vivaan Chatterjee,1,B.Tech,AIDS
25H71D05E4,Pranav Nayak,1,B.Tech,AIDS
25H71D05E5,Tania Chopra,1,B.Tech,AIDS
25H71D05E6,Vivaan Joshi,1,B.Tech,AIDS
25H71D05E7,Vivaan Rao,1,B.Tech,AIDS
25H71D05E8,Ishaan Kapadia,1,B.Tech,AIDS
25H71D05E9,Tania Menon,1,B.Tech,AIDS
25H71D05F0,Anvi Pandey,1,B.Tech,AIDS
25H71D05F1,Vivaan Chatterjee,1,B.Tech,AIDS
25H71D05F2,Tanvi Bhattacharya,1,B.Tech,AIDS
25H71D05F3,Mira D'Souza,1,B.Tech,AIDS
25H71D05F4,Reyansh Shukla,1,B.Tech,AIDS
25H71D05F5,Mira Rao,1,B.Tech,AIDS
25H71D05F6,Reyansh Malik,1,B.Tech,AIDS
25H71D05F7,Aahana Rao,1,B.Tech,AIDS
25H71D05F8,Mira Pandey,1,B.Tech,AIDS
25H71D05F9,Sahana Chopra,1,B.Tech,AIDS
25H71D05G0,Tania Trivedi,1,B.Tech,AIDS
25H71D05G1,Kabir Chatterjee,1,B.Tech,AIDS
25H71D05G2,Aahana Choudhary,1,B.Tech,AIDS
25H71D05G3,Pranav Joshi,1,B.Tech,AIDS
25H71D05G4,Esha Shukla,1,B.Tech,AIDS
25H71D05G5,Aarush Malik,1,B.Tech,AIDS
25H71D05G6,Kiara Trivedi,1,B.Tech,AIDS
25H71D05G7,Diya Malik,1,B.Tech,AIDS
25H71D05G8,Pranav Malik,1,B.Tech,AIDS
25H71D05G9,Reyansh Trivedi,1,B.Tech,AIDS
25H71D05H0,Tania Bhattacharya,1,B.Tech,AIDS
25H71D05H1,Mira Menon,1,B.Tech,AIDS
25H71D05H2,Diya Saxena,1,B.Tech,AIDS
25H71D05H3,Tanvi Chopra,1,B.Tech,AIDS
25H71D05H4,Diya Malik,1,B.Tech,AIDS
25H71D05H5,Aarush Bhardwaj,1,B.Tech,AIDS
25H71D05H6,Reyansh Shukla,1,B.Tech,AIDS
25H71D05H7,Anvi Nayak,1,B.Tech,AIDS
25H71D05H8,Esha D'Souza,1,B.Tech,AIDS
25H71D05H9,Dev Deshmukh,1,B.Tech,AIDS
25H71D05I0,Anvi Kapadia,1,B.Tech,AIDS
25H71D05I1,Kiara Rao,1,B.Tech,AIDS
25H71D05I2,Aahana Saxena,1,B.Tech,AIDS
25H71D05I3,Kabir Malik,1,B.Tech,AIDS
25H71D05I4,Aahana Joshi,1,B.Tech,AIDS
25H71D05I5,Reyansh Iyer,1,B.Tech,AIDS
25H71D05I6,Kabir D'Souza,1,B.Tech,AIDS
25H71D05I7,Myra Ganguly,1,B.Tech,AIDS
25H71D05I8,Diya Iyer,1,B.Tech,AIDS
25H71D05I9,Mira Chatterjee,1,B.Tech,AIDS
25H71D05J0,Kabir Menon,1,B.Tech,AIDS
25H71D05J1,Diya Bhardwaj,1,B.Tech,AIDS
25H71D05J2,Anvi Menon,1,B.Tech,AIDS
25H71D05J3,Dev Joshi,1,B.Tech,AIDS
25H71D05J4,Tania Nayak,1,B.Tech,AIDS
25H71D05J5,Kiara Chopra,1,B.Tech,AIDS
25H71D05J6,Aahana Bhattacharya,1,B.Tech,AIDS
25H71D05J7,Dev Malik,1,B.Tech,AIDS
25H71D05J8,Vivaan Kapadia,1,B.Tech,AIDS
25H71D05J9,Tania Shukla,1,B.Tech,AIDS
25H71E0501,Myra Joshi,1,B.Tech,AIDS
25H71E0502,Mira Trivedi,1,B.Tech,AIDS
25H71E0503,Mira Chatterjee,1,B.Tech,AIDS
25H71E0504,Neil Mehra,1,B.Tech,AIDS
25H71E0505,Pranav Shukla,1,B.Tech,AIDS
25H71E0506,Anvi Rao,1,B.Tech,AIDS
25H71E0507,Kiara Shukla,1,B.Tech,AIDS
25H71E0508,Aarush Menon,1,B.Tech,AIDS
25H71E0509,Kabir Saxena,1,B.Tech,AIDS
25H71E0510,Neil Kapadia,1,B.Tech,AIDS
25H71E0511,Dev Joshi,1,B.Tech,AIDS
25H71E0512,Aarush Choudhary,1,B.Tech,AIDS
25H71E0513,Esha Mehra,1,B.Tech,AIDS
25H71E0514,Kabir Deshmukh,1,B.Tech,AIDS
25H71E0515,Tanvi Saxena,1,B.Tech,AIDS
25H71E0516,Arin Saxena,1,B.Tech,AIDS
25H71E0517,Tania Choudhary,1,B.Tech,AIDS
25H71E0518,Tanvi Kapadia,1,B.Tech,AIDS
25H71E0519,Anvi Trivedi,1,B.Tech,AIDS
25H71E0520,Myra Bhardwaj,1,B.Tech,AIDS
25H71E0521,Vivaan Chatterjee,1,B.Tech,AIDS
25H71E0522,Tanvi Trivedi,1,B.Tech,AIDS
25H71E0523,Pranav Choudhary,1,B.Tech,AIDS
25H71E0524,Esha Deshmukh,1,B.Tech,AIDS
25H71E0525,Myra Nayak,1,B.Tech,AIDS
25H71E0526,Dev Rao,1,B.Tech,AIDS
25H71E0527,Tania Choudhary,1,B.Tech,AIDS
25H71E0528,Anvi Bhardwaj,1,B.Tech,AIDS
25H71E0529,Aahana Saxena,1,B.Tech,AIDS
25H71E0530,Raghav Chatterjee,1,B.Tech,AIDS
25H71E0531,Neil Menon,1,B.Tech,AIDS
25H71E0532,Aarush Chatterjee,1,B.Tech,AIDS
25H71E0533,Diya Chopra,1,B.Tech,AIDS
25H71E0534,Arin Malik,1,B.Tech,AIDS
25H71E0535,Pranav Joshi,1,B.Tech,AIDS
25H71E0536,Diya Joshi,1,B.Tech,AIDS
25H71E0537,Aarush Bhardwaj,1,B.Tech,AIDS
25H71E0538,Diya Pandey,1,B.Tech,AIDS
25H71E0539,Aarush Chatterjee,1,B.Tech,AIDS
25H71E0540,Vivaan D'Souza,1,B.Tech,AIDS
25H71E0541,Raghav Malik,1,B.Tech,AIDS
25H71E0542,Esha Chatterjee,1,B.Tech,AIDS
25H71E0543,Arin Nayak,1,B.Tech,AIDS
25H71E0544,Kiara Kapadia,1,B.Tech,AIDS
25H71E0545,Myra Menon,1,B.Tech,AIDS
25H71E0546,Pranav D'Souza,1,B.Tech,AIDS
25H71E0547,Mira D'Souza,1,B.Tech,AIDS
25H71E0548,Myra Saxena,1,B.Tech,AIDS
25H71E0549,Kabir Saxena,1,B.Tech,AIDS
25H71E0550,Tanvi Malik,1,B.Tech,AIDS
25H71E0551,Reyansh Ganguly,1,B.Tech,AIDS
25H71E0552,Kiara Kapadia,1,B.Tech,AIDS
25H71E0553,Aahana Kapadia,1,B.Tech,AIDS
25H71E0554,Arin Chopra,1,B.Tech,AIDS
25H71E0555,Kiara Nayak,1,B.Tech,AIDS
25H71E0556,Sahana Menon,1,B.Tech,AIDS
25H71E0557,Kiara Trivedi,1,B.Tech,AIDS
25H71E0558,Tania Kapadia,1,B.Tech,AIDS
25H71E0559,Sahana Bhardwaj,1,B.Tech,AIDS
25H71E0560,Kabir Kapadia,1,B.Tech,AIDS
25H71E0561,Anvi Menon,1,B.Tech,AIDS
25H71E0562,Tanvi Iyer,1,B.Tech,AIDS
25H71E0563,Raghav Malik,1,B.Tech,AIDS
25H71E0564,Esha Nayak,1,B.Tech,AIDS
25H71E0565,Diya Nayak,1,B.Tech,AIDS
25H71E0566,Kabir Nayak,1,B.Tech,AIDS
25H71E0567,Neil Malik,1,B.Tech,AIDS
25H71E0568,Aahana Pandey,1,B.Tech,AIDS
25H71E0569,Pranav Rao,1,B.Tech,AIDS
25H71E0570,Pranav Joshi,1,B.Tech,AIDS
25H71E0571,Arin Bhattacharya,1,B.Tech,AIDS
25H71E0572,Kiara Nayak,1,B.Tech,AIDS
25H71E0573,Diya Shukla,1,B.Tech,AIDS
25H71E0574,Diya Trivedi,1,B.Tech,AIDS
25H71E0575,Diya Ganguly,1,B.Tech,AIDS
25H71E0576,Esha Saxena,1,B.Tech,AIDS
25H71E0577,Mira Chatterjee,1,B.Tech,AIDS
25H71E0578,Aahana Kapadia,1,B.Tech,AIDS
25H71E0579,Anvi Deshmukh,1,B.Tech,AIDS
25H71E0580,Neil D'Souza,1,B.Tech,AIDS
25H71E0581,Vivaan Chopra,1,B.Tech,AIDS
25H71E0582,Pranav Joshi,1,B.Tech,AIDS
25H71E0583,Esha Iyer,1,B.Tech,AIDS
25H71E0584,Pranav Menon,1,B.Tech,AIDS
25H71E0585,Pranav Chopra,1,B.Tech,AIDS
25H71E0586,Vivaan Shukla,1,B.Tech,AIDS
25H71E0587,Reyansh Kapadia,1,B.Tech,AIDS
25H71E0588,Aahana Deshmukh,1,B.Tech,AIDS
25H71E0589,Reyansh Joshi,1,B.Tech,AIDS
25H71E0590,Aarush Iyer,1,B.Tech,AIDS
25H71E0591,Aarush Ganguly,1,B.Tech,AIDS
25H71E0592,Anvi Ganguly,1,B.Tech,AIDS
25H71E0593,Kiara Pandey,1,B.Tech,AIDS
25H71E0594,Sahana Iyer,1,B.Tech,AIDS
25H71E0595,Neil Chatterjee,1,B.Tech,AIDS
25H71E0596,Myra D'Souza,1,B.Tech,AIDS
25H71E0597,Ishaan Shukla,1,B.Tech,AIDS
25H71E0598,Sahana Bhardwaj,1,B.Tech,AIDS
25H71E0599,Raghav Choudhary,1,B.Tech,AIDS
25H71E05A0,Myra Mehra,1,B.Tech,AIDS
25H71E05A1,Pranav Bhardwaj,1,B.Tech,AIDS
25H71E05A2,Tanvi Nayak,1,B.Tech,AIDS
25H71E05A3,Anvi Bhattacharya,1,B.Tech,AIDS
25H71E05A4,Arin Bhattacharya,1,B.Tech,AIDS
25H71E05A5,Esha Nayak,1,B.Tech,AIDS
25H71E05A6,Ishaan Shukla,1,B.Tech,AIDS
25H71E05A7,Tania Ganguly,1,B.Tech,AIDS
25H71E05A8,Esha Iyer,1,B.Tech,AIDS
25H71E05A9,Kiara Rao,1,B.Tech,AIDS
25H71E05B0,Pranav Rao,1,B.Tech,AIDS
25H71E05B1,Raghav Chopra,1,B.Tech,AIDS
25H71E05B2,Aahana Bhardwaj,1,B.Tech,AIDS
25H71E05B3,Raghav Choudhary,1,B.Tech,AIDS
25H71E05B4,Aarush Deshmukh,1,B.Tech,AIDS
25H71E05B5,Tanvi Shukla,1,B.Tech,AIDS
25H71E05B6,Arin Nayak,1,B.Tech,AIDS
25H71E05B7,Myra Pandey,1,B.Tech,AIDS
25H71E05B8,Pranav Bhattacharya,1,B.Tech,AIDS
25H71E05B9,Aarush Menon,1,B.Tech,AIDS
25H71E05C0,Vivaan Mehra,1,B.Tech,AIDS
25H71E05C1,Arin Bhardwaj,1,B.Tech,AIDS
25H71E05C2,Sahana Malik,1,B.Tech,AIDS
25H71E05C3,Ishaan Joshi,1,B.Tech,AIDS
25H71E05C4,Myra Malik,1,B.Tech,AIDS
25H71E05C5,Kabir Chopra,1,B.Tech,AIDS
25H71E05C6,Aarush Pandey,1,B.Tech,AIDS
25H71E05C7,Aarush Trivedi,1,B.Tech,AIDS
25H71E05C8,Raghav Bhardwaj,1,B.Tech,AIDS
25H71E05C9,Vivaan Bhardwaj,1,B.Tech,AIDS
25H71E05D0,Kabir Kapadia,1,B.Tech,AIDS
25H71E05D1,Ishaan Rao,1,B.Tech,AIDS
25H71E05D2,Esha Ganguly,1,B.Tech,AIDS
25H71E05D3,Diya Ganguly,1,B.Tech,AIDS
25H71E05D4,Tanvi Menon,1,B.Tech,AIDS
25H71E05D5,Raghav Trivedi,1,B.Tech,AIDS
25H71E05D6,Tanvi Malik,1,B.Tech,AIDS
25H71E05D7,Ishaan Deshmukh,1,B.Tech,AIDS
25H71E05D8,Kabir Mehra,1,B.Tech,AIDS
25H71E05D9,Neil Iyer,1,B.Tech,AIDS
25H71E05E0,Reyansh Joshi,1,B.Tech,AIDS
25H71E05E1,Raghav Trivedi,1,B.Tech,AIDS
25H71E05E2,Mira Shukla,1,B.Tech,AIDS
25H71E05E3,Dev Bhattacharya,1,B.Tech,AIDS
25H71E05E4,Tania Rao,1,B.Tech,AIDS
25H71E05E5,Arin Iyer,1,B.Tech,AIDS
25H71E05E6,Kiara Chatterjee,1,B.Tech,AIDS
25H71E05E7,Esha Iyer,1,B.Tech,AIDS
25H71E05E8,Kiara Bhardwaj,1,B.Tech,AIDS
25H71E05E9,Reyansh Joshi,1,B.Tech,AIDS
25H71E05F0,Ishaan Ganguly,1,B.Tech,AIDS
25H71E05F1,Anvi Kapadia,1,B.Tech,AIDS
25H71E05F2,Arin Bhattacharya,1,B.Tech,AIDS
25H71E05F3,Myra Bhattacharya,1,B.Tech,AIDS
25H71E05F4,Diya Menon,1,B.Tech,AIDS
25H71E05F5,Esha D'Souza,1,B.Tech,AIDS
25H71E05F6,Tanvi Shukla,1,B.Tech,AIDS
25H71E05F7,Mira Shukla,1,B.Tech,AIDS
25H71E05F8,Ishaan D'Souza,1,B.Tech,AIDS
25H71E05F9,Kabir Chatterjee,1,B.Tech,AIDS
25H71E05G0,Vivaan Choudhary,1,B.Tech,AIDS
25H71E05G1,Reyansh Deshmukh,1,B.Tech,AIDS
25H71E05G2,Aarush Pandey,1,B.Tech,AIDS
25H71E05G3,Raghav Saxena,1,B.Tech,AIDS
25H71E05G4,Ishaan Menon,1,B.Tech,AIDS
25H71E05G5,Kabir Pandey,1,B.Tech,AIDS
25H71E05G6,Kabir Iyer,1,B.Tech,AIDS
25H71E05G7,Vivaan Mehra,1,B.Tech,AIDS
25H71E05G8,Reyansh Chopra,1,B.Tech,AIDS
25H71E05G9,Aarush Chopra,1,B.Tech,AIDS
25H71E05H0,Kabir Saxena,1,B.Tech,AIDS
25H71E05H1,Aarush Ganguly,1,B.Tech,AIDS
25H71E05H2,Raghav Malik,1,B.Tech,AIDS
25H71E05H3,Anvi Rao,1,B.Tech,AIDS
25H71E05H4,Tania Ganguly,1,B.Tech,AIDS
25H71E05H5,Myra Kapadia,1,B.Tech,AIDS
25H71E05H6,Mira D'Souza,1,B.Tech,AIDS
25H71E05H7,Kiara Shukla,1,B.Tech,AIDS
25H71E05H8,Kiara Pandey,1,B.Tech,AIDS
25H71E05H9,Myra Menon,1,B.Tech,AIDS
25H71E05I0,Tania Bhattacharya,1,B.Tech,AIDS
25H71E05I1,Raghav Chatterjee,1,B.Tech,AIDS
25H71E05I2,Kabir Iyer,1,B.Tech,AIDS
25H71E05I3,Pranav Ganguly,1,B.Tech,AIDS
25H71E05I4,Tania Nayak,1,B.Tech,AIDS
25H71E05I5,Tanvi Deshmukh,1,B.Tech,AIDS
25H71E05I6,Sahana Deshmukh,1,B.Tech,AIDS
25H71E05I7,Vivaan Ganguly,1,B.Tech,AIDS
25H71E05I8,Esha Pandey,1,B.Tech,AIDS
25H71E05I9,Tanvi Rao,1,B.Tech,AIDS
25H71E05J0,Pranav Saxena,1,B.Tech,AIDS
25H71E05J1,Mira D'Souza,1,B.Tech,AIDS
25H71E05J2,Dev Deshmukh,1,B.Tech,AIDS
25H71E05J3,Tania D'Souza,1,B.Tech,AIDS
25H71E05J4,Myra Trivedi,1,B.Tech,AIDS
25H71E05J5,Tanvi Trivedi,1,B.Tech,AIDS
25H71E05J6,Sahana Rao,1,B.Tech,AIDS
25H71E05J7,Raghav Ganguly,1,B.Tech,AIDS
25H71E05J8,Tania Kapadia,1,B.Tech,AIDS
25H71E05J9,Anvi Rao,1,B.Tech,AIDS
25H71F0501,Vivaan Iyer,1,B.Tech,AIDS
25H71F0502,Tanvi Ganguly,1,B.Tech,AIDS
25H71F0503,Anvi Bhattacharya,1,B.Tech,AIDS
25H71F0504,Anvi Bhardwaj,1,B.Tech,AIDS
25H71F0505,Dev Trivedi,1,B.Tech,AIDS
25H71F0506,Raghav Ganguly,1,B.Tech,AIDS
25H71F0507,Arin Menon,1,B.Tech,AIDS
25H71F0508,Kiara Choudhary,1,B.Tech,AIDS
25H71F0509,Pranav Chatterjee,1,B.Tech,AIDS
25H71F0510,Kiara Joshi,1,B.Tech,AIDS
25H71F0511,Vivaan Bhardwaj,1,B.Tech,AIDS
25H71F0512,Arin Ganguly,1,B.Tech,AIDS
25H71F0513,Anvi Rao,1,B.Tech,AIDS
25H71F0514,Mira Ganguly,1,B.Tech,AIDS
25H71F0515,Myra Malik,1,B.Tech,AIDS
25H71F0516,Sahana Malik,1,B.Tech,AIDS
25H71F0517,Kabir Deshmukh,1,B.Tech,AIDS
25H71F0518,Tanvi Joshi,1,B.Tech,AIDS
25H71F0519,Tania Chatterjee,1,B.Tech,AIDS
25H71F0520,Kabir Chatterjee,1,B.Tech,AIDS
25H71F0521,Myra Pandey,1,B.Tech,AIDS
25H71F0522,Diya Kapadia,1,B.Tech,AIDS
25H71F0523,Myra Choudhary,1,B.Tech,AIDS
25H71F0524,Ishaan Mehra,1,B.Tech,AIDS
25H71F0525,Ishaan Joshi,1,B.Tech,AIDS
25H71F0526,Mira Iyer,1,B.Tech,AIDS
25H71F0527,Ishaan Trivedi,1,B.Tech,AIDS
25H71F0528,Sahana D'Souza,1,B.Tech,AIDS
25H71F0529,Neil Chatterjee,1,B.Tech,AIDS
25H71F0530,Pranav Chopra,1,B.Tech,AIDS
25H71F0531,Kiara Nayak,1,B.Tech,AIDS
25H71F0532,Myra Rao,1,B.Tech,AIDS
25H71F0533,Vivaan Pandey,1,B.Tech,AIDS
25H71F0534,Diya D'Souza,1,B.Tech,AIDS
25H71F0535,Anvi Shukla,1,B.Tech,AIDS
25H71F0536,Esha Malik,1,B.Tech,AIDS
25H71F0537,Mira Malik,1,B.Tech,AIDS
25H71F0538,Arin Trivedi,1,B.Tech,AIDS
25H71F0539,Kabir Ganguly,1,B.Tech,AIDS
25H71F0540,Diya Choudhary,1,B.Tech,AIDS
25H71F0541,Esha Shukla,1,B.Tech,AIDS
25H71F0542,Mira Menon,1,B.Tech,AIDS
25H71F0543,Tanvi Rao,1,B.Tech,AIDS
25H71F0544,Aahana Rao,1,B.Tech,AIDS
25H71F0545,Esha Chatterjee,1,B.Tech,AIDS
25H71F0546,Mira Saxena,1,B.Tech,AIDS
25H71F0547,Ishaan Bhattacharya,1,B.Tech,AIDS
25H71F0548,Esha Kapadia,1,B.Tech,AIDS
25H71F0549,Tania Menon,1,B.Tech,AIDS
25H71F0550,Sahana D'Souza,1,B.Tech,AIDS
25H71F0551,Kiara D'Souza,1,B.Tech,AIDS
25H71F0552,Pranav Bhardwaj,1,B.Tech,AIDS
25H71F0553,Sahana Chatterjee,1,B.Tech,AIDS
25H71F0554,Aarush Rao,1,B.Tech,AIDS
25H71F0555,Reyansh Rao,1,B.Tech,AIDS
25H71F0556,Vivaan Bhardwaj,1,B.Tech,AIDS
25H71F0557,Pranav Trivedi,1,B.Tech,AIDS
25H71F0558,Diya Choudhary,1,B.Tech,AIDS
25H71F0559,Neil Iyer,1,B.Tech,AIDS
25H71F0560,Raghav D'Souza,1,B.Tech,AIDS
25H71F0561,Sahana Malik,1,B.Tech,AIDS
25H71F0562,Dev Mehra,1,B.Tech,AIDS
25H71F0563,Ishaan Chatterjee,1,B.Tech,AIDS
25H71F0564,Tanvi Menon,1,B.Tech,AIDS
25H71F0565,Pranav D'Souza,1,B.Tech,AIDS
25H71F0566,Kabir Menon,1,B.Tech,AIDS
25H71F0567,Vivaan Ganguly,1,B.Tech,AIDS
25H71F0568,Kabir Nayak,1,B.Tech,AIDS
25H71F0569,Arin Pandey,1,B.Tech,AIDS
25H71F0570,Aarush Joshi,1,B.Tech,AIDS
25H71F0571,Raghav Chatterjee,1,B.Tech,AIDS
25H71F0572,Tania Chatterjee,1,B.Tech,AIDS
25H71F0573,Anvi D'Souza,1,B.Tech,AIDS
25H71F0574,Arin D'Souza,1,B.Tech,AIDS
25H71F0575,Tanvi Iyer,1,B.Tech,AIDS
25H71F0576,Ishaan Nayak,1,B.Tech,AIDS
25H71F0577,Anvi Ganguly,1,B.Tech,AIDS
25H71F0578,Aarush Shukla,1,B.Tech,AIDS
25H71F0579,Anvi D'Souza,1,B.Tech,AIDS
25H71F0580,Aahana Choudhary,1,B.Tech,AIDS
25H71F0581,Vivaan Chatterjee,1,B.Tech,AIDS
25H71F0582,Myra Saxena,1,B.Tech,AIDS
25H71F0583,Arin Mehra,1,B.Tech,AIDS
25H71F0584,Vivaan Menon,1,B.Tech,AIDS
25H71F0585,Arin Trivedi,1,B.Tech,AIDS
25H71F0586,Reyansh Deshmukh,1,B.Tech,AIDS
25H71F0587,Pranav Shukla,1,B.Tech,AIDS
25H71F0588,Dev Choudhary,1,B.Tech,AIDS
25H71F0589,Diya Trivedi,1,B.Tech,AIDS
25H71F0590,Anvi Joshi,1,B.Tech,AIDS
25H71F0591,Sahana Choudhary,1,B.Tech,AIDS
25H71F0592,Kabir Chatterjee,1,B.Tech,AIDS
25H71F0593,Dev Rao,1,B.Tech,AIDS
25H71F0594,Kiara Chatterjee,1,B.Tech,AIDS
25H71F0595,Mira Kapadia,1,B.Tech,AIDS
25H71F0596,Myra D'Souza,1,B.Tech,AIDS
25H71F0597,Aahana Joshi,1,B.Tech,AIDS
25H71F0598,Raghav Malik,1,B.Tech,AIDS
25H71F0599,Kabir D'Souza,1,B.Tech,AIDS
25H71F05A0,Diya Iyer,1,B.Tech,AIDS
25H71F05A1,Raghav Rao,1,B.Tech,AIDS
25H71F05A2,Anvi Bhardwaj,1,B.Tech,AIDS
25H71F05A3,Dev Trivedi,1,B.Tech,AIDS
25H71F05A4,Diya Rao,1,B.Tech,AIDS
25H71F05A5,Pranav Kapadia,1,B.Tech,AIDS
25H71F05A6,Dev Bhardwaj,1,B.Tech,AIDS
25H71F05A7,Arin Nayak,1,B.Tech,AIDS
25H71F05A8,Tania Ganguly,1,B.Tech,AIDS
25H71F05A9,Mira Deshmukh,1,B.Tech,AIDS
25H71F05B0,Anvi Menon,1,B.Tech,AIDS
25H71F05B1,Sahana Rao,1,B.Tech,AIDS
25H71F05B2,Myra Shukla,1,B.Tech,AIDS
25H71F05B3,Tanvi Bhardwaj,1,B.Tech,AIDS
25H71F05B4,Myra Malik,1,B.Tech,AIDS
25H71F05B5,Pranav D'Souza,1,B.Tech,AIDS
25H71F05B6,Reyansh Bhardwaj,1,B.Tech,AIDS
25H71F05B7,Dev Iyer,1,B.Tech,AIDS
25H71F05B8,Ishaan Nayak,1,B.Tech,AIDS
25H71F05B9,Raghav Choudhary,1,B.Tech,AIDS
25H71F05C0,Esha Choudhary,1,B.Tech,AIDS
25H71F05C1,Esha Menon,1,B.Tech,AIDS
25H71F05C2,Dev Bhattacharya,1,B.Tech,AIDS
25H71F05C3,Neil Bhardwaj,1,B.Tech,AIDS
25H71F05C4,Raghav Joshi,1,B.Tech,AIDS
25H71F05C5,Esha Malik,1,B.Tech,AIDS
25H71F05C6,Ishaan D'Souza,1,B.Tech,AIDS
25H71F05C7,Tanvi Saxena,1,B.Tech,AIDS
25H71F05C8,Dev Bhardwaj,1,B.Tech,AIDS
25H71F05C9,Tanvi Nayak,1,B.Tech,AIDS
25H71F05D0,Raghav Shukla,1,B.Tech,AIDS
25H71F05D1,Tanvi Joshi,1,B.Tech,AIDS
25H71F05D2,Ishaan Pandey,1,B.Tech,AIDS
25H71F05D3,Diya Saxena,1,B.Tech,AIDS
25H71F05D4,Esha Joshi,1,B.Tech,AIDS
25H71F05D5,Kiara Mehra,1,B.Tech,AIDS
25H71F05D6,Sahana Choudhary,1,B.Tech,AIDS
25H71F05D7,Arin Mehra,1,B.Tech,AIDS
25H71F05D8,Tanvi Chopra,1,B.Tech,AIDS
25H71F05D9,Diya Chatterjee,1,B.Tech,AIDS
25H71F05E0,Kabir Bhattacharya,1,B.Tech,AIDS
25H71F05E1,Mira Mehra,1,B.Tech,AIDS
25H71F05E2,Aahana D'Souza,1,B.Tech,AIDS
25H71F05E3,Neil Ganguly,1,B.Tech,AIDS
25H71F05E4,Myra Shukla,1,B.Tech,AIDS
25H71F05E5,Tanvi Kapadia,1,B.Tech,AIDS
25H71F05E6,Pranav Iyer,1,B.Tech,AIDS
25H71F05E7,Reyansh Bhattacharya,1,B.Tech,AIDS
25H71F05E8,Diya Shukla,1,B.Tech,AIDS
25H71F05E9,Dev Saxena,1,B.Tech,AIDS
25H71F05F0,Aahana Iyer,1,B.Tech,AIDS
25H71F05F1,Neil Saxena,1,B.Tech,AIDS
25H71F05F2,Raghav Kapadia,1,B.Tech,AIDS
25H71F05F3,Mira Deshmukh,1,B.Tech,AIDS
25H71F05F4,Raghav Ganguly,1,B.Tech,AIDS
25H71F05F5,Raghav Pandey,1,B.Tech,AIDS
25H71F05F6,Esha Rao,1,B.Tech,AIDS
25H71F05F7,Pranav Chatterjee,1,B.Tech,AIDS
25H71F05F8,Dev Nayak,1,B.Tech,AIDS
25H71F05F9,Vivaan Saxena,1,B.Tech,AIDS
25H71F05G0,Anvi Nayak,1,B.Tech,AIDS
25H71F05G1,Esha Ganguly,1,B.Tech,AIDS
25H71F05G2,Aahana Iyer,1,B.Tech,AIDS
25H71F05G3,Anvi Bhardwaj,1,B.Tech,AIDS
25H71F05G4,Sahana Shukla,1,B.Tech,AIDS
25H71F05G5,Sahana Saxena,1,B.Tech,AIDS
25H71F05G6,Kiara Choudhary,1,B.Tech,AIDS
25H71F05G7,Sahana Bhardwaj,1,B.Tech,AIDS
25H71F05G8,Vivaan Deshmukh,1,B.Tech,AIDS
25H71F05G9,Esha Deshmukh,1,B.Tech,AIDS
25H71F05H0,Dev Bhardwaj,1,B.Tech,AIDS
25H71F05H1,Dev Iyer,1,B.Tech,AIDS
25H71F05H2,Reyansh Saxena,1,B.Tech,AIDS
25H71F05H3,Sahana Rao,1,B.Tech,AIDS
25H71F05H4,Tania Joshi,1,B.Tech,AIDS
25H71F05H5,Reyansh Menon,1,B.Tech,AIDS
25H71F05H6,Sahana Nayak,1,B.Tech,AIDS
25H71F05H7,Ishaan Joshi,1,B.Tech,AIDS
25H71F05H8,Kiara Trivedi,1,B.Tech,AIDS
25H71F05H9,Arin Choudhary,1,B.Tech,AIDS
25H71F05I0,Raghav Kapadia,1,B.Tech,AIDS
25H71F05I1,Esha Nayak,1,B.Tech,AIDS
25H71F05I2,Vivaan D'Souza,1,B.Tech,AIDS
25H71F05I3,Pranav Trivedi,1,B.Tech,AIDS
25H71F05I4,Myra Mehra,1,B.Tech,AIDS
25H71F05I5,Esha Nayak,1,B.Tech,AIDS
25H71F05I6,Neil Iyer,1,B.Tech,AIDS
25H71F05I7,Esha Menon,1,B.Tech,AIDS
25H71F05I8,Myra Ganguly,1,B.Tech,AIDS
25H71F05I9,Sahana Joshi,1,B.Tech,AIDS
25H71F05J0,Dev Iyer,1,B.Tech,AIDS
25H71F05J1,Anvi Saxena,1,B.Tech,AIDS
25H71F05J2,Myra Saxena,1,B.Tech,AIDS
25H71F05J3,Pranav Chatterjee,1,B.Tech,AIDS
25H71F05J4,Ishaan Rao,1,B.Tech,AIDS
25H71F05J5,Tania Rao,1,B.Tech,AIDS
25H71F05J6,Arin Trivedi,1,B.Tech,AIDS
25H71F05J7,Anvi Joshi,1,B.Tech,AIDS
25H71F05J8,Anvi Shukla,1,B.Tech,AIDS
25H71F05J9,Myra Ganguly,1,B.Tech,AIDS
25H71G0501,Kabir Chopra,1,B.Tech,AIDS
25H71G0502,Raghav D'Souza,1,B.Tech,AIDS
25H71G0503,Anvi Iyer,1,B.Tech,AIDS
25H71G0504,Arin Nayak,1,B.Tech,AIDS
25H71G0505,Sahana Pandey,1,B.Tech,AIDS
25H71G0506,Anvi Bhardwaj,1,B.Tech,AIDS
25H71G0507,Reyansh Ganguly,1,B.Tech,AIDS
25H71G0508,Kiara Malik,1,B.Tech,AIDS
25H71G0509,Myra Ganguly,1,B.Tech,AIDS
25H71G0510,Vivaan Kapadia,1,B.Tech,AIDS
25H71G0511,Sahana Saxena,1,B.Tech,AIDS
25H71G0512,Sahana Chopra,1,B.Tech,AIDS
25H71G0513,Reyansh Mehra,1,B.Tech,AIDS
25H71G0514,Aahana Saxena,1,B.Tech,AIDS
25H71G0515,Arin Kapadia,1,B.Tech,AIDS
25H71G0516,Diya Mehra,1,B.Tech,AIDS
25H71G0517,Esha Bhattacharya,1,B.Tech,AIDS
25H71G0518,Kiara Choudhary,1,B.Tech,AIDS
25H71G0519,Ishaan D'Souza,1,B.Tech,AIDS
25H71G0520,Arin Trivedi,1,B.Tech,AIDS
25H71G0521,Myra Deshmukh,1,B.Tech,AIDS
25H71G0522,Aarush Kapadia,1,B.Tech,AIDS
25H71G0523,Neil Pandey,1,B.Tech,AIDS
25H71G0524,Kabir Deshmukh,1,B.Tech,AIDS
25H71G0525,Raghav Kapadia,1,B.Tech,AIDS
25H71G0526,Sahana Ganguly,1,B.Tech,AIDS
25H71G0527,Aarush Bhardwaj,1,B.Tech,AIDS
25H71G0528,Reyansh Deshmukh,1,B.Tech,AIDS
25H71G0529,Sahana Pandey,1,B.Tech,AIDS
25H71G0530,Pranav Kapadia,1,B.Tech,AIDS
25H71G0531,Kiara Trivedi,1,B.Tech,AIDS
25H71G0532,Pranav Bhardwaj,1,B.Tech,AIDS
25H71G0533,Reyansh Joshi,1,B.Tech,AIDS
25H71G0534,Aahana Bhattacharya,1,B.Tech,AIDS
25H71G0535,Raghav Rao,1,B.Tech,AIDS
25H71G0536,Kiara Ganguly,1,B.Tech,AIDS
25H71G0537,Tania Nayak,1,B.Tech,AIDS
25H71G0538,Ishaan Chopra,1,B.Tech,AIDS
25H71G0539,Aarush Choudhary,1,B.Tech,AIDS
25H71G0540,Sahana Rao,1,B.Tech,AIDS
25H71G0541,Dev Trivedi,1,B.Tech,AIDS
25H71G0542,Tania Choudhary,1,B.Tech,AIDS
25H71G0543,Tania Mehra,1,B.Tech,AIDS
25H71G0544,Sahana Mehra,1,B.Tech,AIDS
25H71G0545,Aahana Menon,1,B.Tech,AIDS
25H71G0546,Aarush Bhardwaj,1,B.Tech,AIDS
25H71G0547,Sahana Pandey,1,B.Tech,AIDS
25H71G0548,Vivaan Pandey,1,B.Tech,AIDS
25H71G0549,Aarush Malik,1,B.Tech,AIDS
25H71G0550,Esha Menon,1,B.Tech,AIDS
25H71G0551,Myra Iyer,1,B.Tech,AIDS
25H71G0552,Esha Iyer,1,B.Tech,AIDS
25H71G0553,Kiara Malik,1,B.Tech,AIDS
25H71G0554,Dev Trivedi,1,B.Tech,AIDS
25H71G0555,Aahana Choudhary,1,B.Tech,AIDS
25H71G0556,Tanvi Bhattacharya,1,B.Tech,AIDS
25H71G0557,Reyansh Malik,1,B.Tech,AIDS
25H71G0558,Tanvi Chopra,1,B.Tech,AIDS
25H71G0559,Anvi Chatterjee,1,B.Tech,AIDS
25H71G0560,Tania Menon,1,B.Tech,AIDS
25H71G0561,Tanvi Mehra,1,B.Tech,AIDS
25H71G0562,Pranav Chopra,1,B.Tech,AIDS
25H71G0563,Kabir Chatterjee,1,B.Tech,AIDS
25H71G0564,Kiara Bhardwaj,1,B.Tech,AIDS
25H71G0565,Reyansh Rao,1,B.Tech,AIDS
25H71G0566,Arin Ganguly,1,B.Tech,AIDS
25H71G0567,Diya Pandey,1,B.Tech,AIDS
25H71G0568,Aahana Nayak,1,B.Tech,AIDS
25H71G0569,Reyansh Chatterjee,1,B.Tech,AIDS
25H71G0570,Kiara Saxena,1,B.Tech,AIDS
25H71G0571,Tanvi Shukla,1,B.Tech,AIDS
25H71G0572,Neil Bhattacharya,1,B.Tech,AIDS
25H71G0573,Diya Bhattacharya,1,B.Tech,AIDS
25H71G0574,Dev Iyer,1,B.Tech,AIDS
25H71G0575,Neil Chopra,1,B.Tech,AIDS
25H71G0576,Pranav Chatterjee,1,B.Tech,AIDS
25H71G0577,Aarush Pandey,1,B.Tech,AIDS
25H71G0578,Vivaan Bhattacharya,1,B.Tech,AIDS
25H71G0579,Reyansh Ganguly,1,B.Tech,AIDS
25H71G0580,Tanvi Shukla,1,B.Tech,AIDS
25H71G0581,Reyansh Trivedi,1,B.Tech,AIDS
25H71G0582,Mira Choudhary,1,B.Tech,AIDS
25H71G0583,Sahana Joshi,1,B.Tech,AIDS
25H71G0584,Pranav Iyer,1,B.Tech,AIDS
25H71G0585,Kabir Pandey,1,B.Tech,AIDS
25H71G0586,Dev Bhattacharya,1,B.Tech,AIDS
25H71G0587,Vivaan D'Souza,1,B.Tech,AIDS
25H71G0588,Aarush Pandey,1,B.Tech,AIDS
25H71G0589,Anvi Iyer,1,B.Tech,AIDS
25H71G0590,Reyansh Iyer,1,B.Tech,AIDS
25H71G0591,Arin Bhardwaj,1,B.Tech,AIDS
25H71G0592,Dev Trivedi,1,B.Tech,AIDS
25H71G0593,Aahana Rao,1,B.Tech,AIDS
25H71G0594,Aahana Chatterjee,1,B.Tech,AIDS
25H71G0595,Ishaan Pandey,1,B.Tech,AIDS
25H71G0596,Myra Joshi,1,B.Tech,AIDS
25H71G0597,Esha Malik,1,B.Tech,AIDS
25H71G0598,Tanvi Choudhary,1,B.Tech,AIDS
25H71G0599,Arin Mehra,1,B.Tech,AIDS
25H71G05A0,Pranav Nayak,1,B.Tech,AIDS
25H71G05A1,Aarush Choudhary,1,B.Tech,AIDS
25H71G05A2,Myra Shukla,1,B.Tech,AIDS
25H71G05A3,Raghav D'Souza,1,B.Tech,AIDS
25H71G05A4,Aarush Choudhary,1,B.Tech,AIDS
25H71G05A5,Dev D'Souza,1,B.Tech,AIDS
25H71G05A6,Raghav Choudhary,1,B.Tech,AIDS
25H71G05A7,Diya Mehra,1,B.Tech,AIDS
25H71G05A8,Ishaan Trivedi,1,B.Tech,AIDS
25H71G05A9,Pranav Shukla,1,B.Tech,AIDS
25H71G05B0,Reyansh Malik,1,B.Tech,AIDS
25H71G05B1,Neil Ganguly,1,B.Tech,AIDS
25H71G05B2,Kabir Menon,1,B.Tech,AIDS
25H71G05B3,Dev Deshmukh,1,B.Tech,AIDS
25H71G05B4,Kabir Kapadia,1,B.Tech,AIDS
25H71G05B5,Sahana Iyer,1,B.Tech,AIDS
25H71G05B6,Anvi Chopra,1,B.Tech,AIDS
25H71G05B7,Esha Mehra,1,B.Tech,AIDS
25H71G05B8,Tania Bhardwaj,1,B.Tech,AIDS
25H71G05B9,Pranav Chopra,1,B.Tech,AIDS
25H71G05C0,Mira Pandey,1,B.Tech,AIDS
25H71G05C1,Kabir Menon,1,B.Tech,AIDS
25H71G05C2,Ishaan D'Souza,1,B.Tech,AIDS
25H71G05C3,Ishaan Choudhary,1,B.Tech,AIDS
25H71G05C4,Vivaan Nayak,1,B.Tech,AIDS
25H71G05C5,Mira Bhardwaj,1,B.Tech,AIDS
25H71G05C6,Esha Iyer,1,B.Tech,AIDS
25H71G05C7,Raghav Shukla,1,B.Tech,AIDS
25H71G05C8,Kabir Chatterjee,1,B.Tech,AIDS
25H71G05C9,Kabir Ganguly,1,B.Tech,AIDS
25H71G05D0,Tania Joshi,1,B.Tech,AIDS
25H71G05D1,Raghav Rao,1,B.Tech,AIDS
25H71G05D2,Kiara Rao,1,B.Tech,AIDS
25H71G05D3,Arin Chatterjee,1,B.Tech,AIDS
25H71G05D4,Kiara Rao,1,B.Tech,AIDS
25H71G05D5,Pranav Saxena,1,B.Tech,AIDS
25H71G05D6,Ishaan Malik,1,B.Tech,AIDS
25H71G05D7,Vivaan Malik,1,B.Tech,AIDS
25H71G05D8,Myra Rao,1,B.Tech,AIDS
25H71G05D9,Reyansh Choudhary,1,B.Tech,AIDS
25H71G05E0,Raghav Bhattacharya,1,B.Tech,AIDS
25H71G05E1,Mira Mehra,1,B.Tech,AIDS
25H71G05E2,Kabir Trivedi,1,B.Tech,AIDS
25H71G05E3,Mira Ganguly,1,B.Tech,AIDS
25H71G05E4,Esha Saxena,1,B.Tech,AIDS
25H71G05E5,Dev Saxena,1,B.Tech,AIDS
25H71G05E6,Tanvi Bhattacharya,1,B.Tech,AIDS
25H71G05E7,Pranav Joshi,1,B.Tech,AIDS
25H71G05E8,Aarush Deshmukh,1,B.Tech,AIDS
25H71G05E9,Anvi Joshi,1,B.Tech,AIDS
25H71G05F0,Anvi Mehra,1,B.Tech,AIDS
25H71G05F1,Sahana Bhattacharya,1,B.Tech,AIDS
25H71G05F2,Ishaan Kapadia,1,B.Tech,AIDS
25H71G05F3,Kiara Menon,1,B.Tech,AIDS
25H71G05F4,Aahana Saxena,1,B.Tech,AIDS
25H71G05F5,Aahana Choudhary,1,B.Tech,AIDS
25H71G05F6,Kabir Shukla,1,B.Tech,AIDS
25H71G05F7,Raghav Mehra,1,B.Tech,AIDS
25H71G05F8,Kiara Trivedi,1,B.Tech,AIDS
25H71G05F9,Esha Bhattacharya,1,B.Tech,AIDS
25H71G05G0,Pranav Nayak,1,B.Tech,AIDS
25H71G05G1,Mira Kapadia,1,B.Tech,AIDS
25H71G05G2,Esha Choudhary,1,B.Tech,AIDS
25H71G05G3,Pranav Iyer,1,B.Tech,AIDS
25H71G05G4,Esha Rao,1,B.Tech,AIDS
25H71G05G5,Tania Iyer,1,B.Tech,AIDS
25H71G05G6,Myra Rao,1,B.Tech,AIDS
25H71G05G7,Raghav Chopra,1,B.Tech,AIDS
25H71G05G8,Arin Bhardwaj,1,B.Tech,AIDS
25H71G05G9,Esha Chopra,1,B.Tech,AIDS
25H71G05H0,Raghav Saxena,1,B.Tech,AIDS
25H71G05H1,Arin Bhattacharya,1,B.Tech,AIDS
25H71G05H2,Reyansh Pandey,1,B.Tech,AIDS
25H71G05H3,Diya Kapadia,1,B.Tech,AIDS
25H71G05H4,Raghav Pandey,1,B.Tech,AIDS
25H71G05H5,Mira Menon,1,B.Tech,AIDS
25H71G05H6,Neil Trivedi,1,B.Tech,AIDS
25H71G05H7,Neil Trivedi,1,B.Tech,AIDS
25H71G05H8,Esha Bhardwaj,1,B.Tech,AIDS
25H71G05H9,Esha Bhardwaj,1,B.Tech,AIDS
25H71G05I0,Arin Kapadia,1,B.Tech,AIDS
25H71G05I1,Dev Bhattacharya,1,B.Tech,AIDS
25H71G05I2,Arin Shukla,1,B.Tech,AIDS
25H71G05I3,Ishaan Malik,1,B.Tech,AIDS
25H71G05I4,Kiara Joshi,1,B.Tech,AIDS
25H71G05I5,Neil Chatterjee,1,B.Tech,AIDS
25H71G05I6,Kiara Rao,1,B.Tech,AIDS
25H71G05I7,Diya Malik,1,B.Tech,AIDS
25H71G05I8,Ishaan Ganguly,1,B.Tech,AIDS
25H71G05I9,Myra Iyer,1,B.Tech,AIDS
25H71G05J0,Tania Rao,1,B.Tech,AIDS
25H71G05J1,Dev Chopra,1,B.Tech,AIDS
25H71G05J2,Tania Bhattacharya,1,B.Tech,AIDS
25H71G05J3,Kabir Iyer,1,B.Tech,AIDS
25H71G05J4,Neil Shukla,1,B.Tech,AIDS
25H71G05J5,Tanvi Deshmukh,1,B.Tech,AIDS
25H71G05J6,Reyansh Trivedi,1,B.Tech,AIDS
25H71G05J7,Anvi Chatterjee,1,B.Tech,AIDS
25H71G05J8,Reyansh D'Souza,1,B.Tech,AIDS
25H71G05J9,Tanvi Saxena,1,B.Tech,AIDS
25H71H0501,Kiara Ganguly,1,B.Tech,AIDS
25H71H0502,Neil Kapadia,1,B.Tech,AIDS
25H71H0503,Diya Ganguly,1,B.Tech,AIDS
25H71H0504,Kiara Nayak,1,B.Tech,AIDS
25H71H0505,Tanvi Trivedi,1,B.Tech,AIDS
25H71H0506,Tania Bhardwaj,1,B.Tech,AIDS
25H71H0507,Aarush Nayak,1,B.Tech,AIDS
25H71H0508,Mira Ganguly,1,B.Tech,AIDS
25H71H0509,Kiara Pandey,1,B.Tech,AIDS
25H71H0510,Diya Joshi,1,B.Tech,AIDS
25H71H0511,Myra Menon,1,B.Tech,AIDS
25H71H0512,Reyansh Rao,1,B.Tech,AIDS
25H71H0513,Myra Mehra,1,B.Tech,AIDS
25H71H0514,Aahana Choudhary,1,B.Tech,AIDS
25H71H0515,Aarush Trivedi,1,B.Tech,AIDS
25H71H0516,Arin D'Souza,1,B.Tech,AIDS
25H71H0517,Anvi D'Souza,1,B.Tech,AIDS
25H71H0518,Aarush Bhardwaj,1,B.Tech,AIDS
25H71H0519,Myra Iyer,1,B.Tech,AIDS
25H71H0520,Tanvi Chopra,1,B.Tech,AIDS
25H71H0521,Anvi Deshmukh,1,B.Tech,AIDS
25H71H0522,Vivaan Trivedi,1,B.Tech,AIDS
25H71H0523,Kiara Joshi,1,B.Tech,AIDS
25H71H0524,Tania Kapadia,1,B.Tech,AIDS
25H71H0525,Kabir Chatterjee,1,B.Tech,AIDS
25H71H0526,Arin Chopra,1,B.Tech,AIDS
25H71H0527,Tania Chatterjee,1,B.Tech,AIDS
25H71H0528,Pranav Ganguly,1,B.Tech,AIDS
25H71H0529,Aahana Shukla,1,B.Tech,AIDS
25H71H0530,Diya Ganguly,1,B.Tech,AIDS
25H71H0531,Aarush Deshmukh,1,B.Tech,AIDS
25H71H0532,Kabir Malik,1,B.Tech,AIDS
25H71H0533,Diya D'Souza,1,B.Tech,AIDS
25H71H0534,Mira Ganguly,1,B.Tech,AIDS
25H71H0535,Esha Menon,1,B.Tech,AIDS
25H71H0536,Reyansh Mehra,1,B.Tech,AIDS
25H71H0537,Aahana Saxena,1,B.Tech,AIDS
25H71H0538,Vivaan Mehra,1,B.Tech,AIDS
25H71H0539,Kiara Iyer,1,B.Tech,AIDS
25H71H0540,Reyansh Shukla,1,B.Tech,AIDS
25H71H0541,Kiara Menon,1,B.Tech,AIDS
25H71H0542,Kabir Pandey,1,B.Tech,AIDS
25H71H0543,Sahana Shukla,1,B.Tech,AIDS
25H71H0544,Raghav Pandey,1,B.Tech,AIDS
25H71H0545,Pranav Shukla,1,B.Tech,AIDS
25H71H0546,Kabir Choudhary,1,B.Tech,AIDS
25H71H0547,Reyansh Iyer,1,B.Tech,AIDS
25H71H0548,Pranav Bhattacharya,1,B.Tech,AIDS
25H71H0549,Pranav Choudhary,1,B.Tech,AIDS
25H71H0550,Ishaan Rao,1,B.Tech,AIDS
25H71H0551,Tanvi Joshi,1,B.Tech,AIDS
25H71H0552,Sahana Nayak,1,B.Tech,AIDS
25H71H0553,Tania Ganguly,1,B.Tech,AIDS
25H71H0554,Aarush Shukla,1,B.Tech,AIDS
25H71H0555,Pranav Joshi,1,B.Tech,AIDS
25H71H0556,Aahana Ganguly,1,B.Tech,AIDS
25H71H0557,Aahana D'Souza,1,B.Tech,AIDS
25H71H0558,Esha Bhattacharya,1,B.Tech,AIDS
25H71H0559,Arin Iyer,1,B.Tech,AIDS
25H71H0560,Esha Nayak,1,B.Tech,AIDS
25H71H0561,Ishaan Iyer,1,B.Tech,AIDS
25H71H0562,Aarush Menon,1,B.Tech,AIDS
25H71H0563,Tanvi Kapadia,1,B.Tech,AIDS
25H71H0564,Kabir Rao,1,B.Tech,AIDS
25H71H0565,Diya Bhattacharya,1,B.Tech,AIDS
25H71H0566,Anvi Trivedi,1,B.Tech,AIDS
25H71H0567,Reyansh Joshi,1,B.Tech,AIDS
25H71H0568,Myra Saxena,1,B.Tech,AIDS
25H71H0569,Mira Bhardwaj,1,B.Tech,AIDS
25H71H0570,Neil Nayak,1,B.Tech,AIDS
25H71H0571,Tanvi Nayak,1,B.Tech,AIDS
25H71H0572,Anvi Rao,1,B.Tech,AIDS
25H71H0573,Arin Bhardwaj,1,B.Tech,AIDS
25H71H0574,Tanvi Deshmukh,1,B.Tech,AIDS
25H71H0575,Mira Kapadia,1,B.Tech,AIDS
25H71H0576,Sahana Saxena,1,B.Tech,AIDS
25H71H0577,Raghav Bhattacharya,1,B.Tech,AIDS
25H71H0578,Dev Deshmukh,1,B.Tech,AIDS
25H71H0579,Reyansh Bhattacharya,1,B.Tech,AIDS
25H71H0580,Neil Trivedi,1,B.Tech,AIDS
25H71H0581,Reyansh Kapadia,1,B.Tech,AIDS
25H71H0582,Pranav Trivedi,1,B.Tech,AIDS
25H71H0583,Diya Chopra,1,B.Tech,AIDS
25H71H0584,Tanvi Choudhary,1,B.Tech,AIDS
25H71H0585,Mira Bhardwaj,1,B.Tech,AIDS
25H71H0586,Neil Kapadia,1,B.Tech,AIDS
25H71H0587,Diya D'Souza,1,B.Tech,AIDS
25H71H0588,Kiara Bhattacharya,1,B.Tech,AIDS
25H71H0589,Arin D'Souza,1,B.Tech,AIDS
25H71H0590,Neil Mehra,1,B.Tech,AIDS
25H71H0591,Anvi Saxena,1,B.Tech,AIDS
25H71H0592,Myra Bhardwaj,1,B.Tech,AIDS
25H71H0593,Aahana Saxena,1,B.Tech,AIDS
25H71H0594,Arin Bhattacharya,1,B.Tech,AIDS
25H71H0595,Sahana D'Souza,1,B.Tech,AIDS
25H71H0596,Dev Bhattacharya,1,B.Tech,AIDS
25H71H0597,Vivaan Pandey,1,B.Tech,AIDS
25H71H0598,Vivaan Joshi,1,B.Tech,AIDS
25H71H0599,Raghav Joshi,1,B.Tech,AIDS
25H71H05A0,Raghav Pandey,1,B.Tech,AIDS
25H71H05A1,Diya Choudhary,1,B.Tech,AIDS
25H71H05A2,Raghav Bhardwaj,1,B.Tech,AIDS
25H71H05A3,Kabir Ganguly,1,B.Tech,AIDS
25H71H05A4,Aarush Mehra,1,B.Tech,AIDS
25H71H05A5,Myra Saxena,1,B.Tech,AIDS
25H71H05A6,Sahana Joshi,1,B.Tech,AIDS
25H71H05A7,Kabir Nayak,1,B.Tech,AIDS
25H71H05A8,Tania Shukla,1,B.Tech,AIDS
25H71H05A9,Sahana Malik,1,B.Tech,AIDS
25H71H05B0,Myra Trivedi,1,B.Tech,AIDS
25H71H05B1,Vivaan Chopra,1,B.Tech,AIDS
25H71H05B2,Mira Ganguly,1,B.Tech,AIDS
25H71H05B3,Kabir Malik,1,B.Tech,AIDS
25H71H05B4,Diya Joshi,1,B.Tech,AIDS
25H71H05B5,Ishaan Chatterjee,1,B.Tech,AIDS
25H71H05B6,Reyansh Nayak,1,B.Tech,AIDS
25H71H05B7,Dev Rao,1,B.Tech,AIDS
25H71H05B8,Mira Trivedi,1,B.Tech,AIDS
25H71H05B9,Dev Chopra,1,B.Tech,AIDS
25H71H05C0,Anvi Pandey,1,B.Tech,AIDS
25H71H05C1,Tanvi Malik,1,B.Tech,AIDS
25H71H05C2,Neil Shukla,1,B.Tech,AIDS
25H71H05C3,Pranav Shukla,1,B.Tech,AIDS
25H71H05C4,Reyansh Ganguly,1,B.Tech,AIDS
25H71H05C5,Reyansh Rao,1,B.Tech,AIDS
25H71H05C6,Raghav Iyer,1,B.Tech,AIDS
25H71H05C7,Diya Pandey,1,B.Tech,AIDS
25H71H05C8,Reyansh Ganguly,1,B.Tech,AIDS
25H71H05C9,Arin Deshmukh,1,B.Tech,AIDS
25H71H05D0,Sahana Rao,1,B.Tech,AIDS
25H71H05D1,Raghav Saxena,1,B.Tech,AIDS
25H71H05D2,Ishaan Iyer,1,B.Tech,AIDS
25H71H05D3,Dev Choudhary,1,B.Tech,AIDS
25H71H05D4,Neil Saxena,1,B.Tech,AIDS
25H71H05D5,Anvi Shukla,1,B.Tech,AIDS
25H71H05D6,Raghav Trivedi,1,B.Tech,AIDS
25H71H05D7,Tanvi Menon,1,B.Tech,AIDS
25H71H05D8,Vivaan Mehra,1,B.Tech,AIDS
25H71H05D9,Kabir Iyer,1,B.Tech,AIDS
25H71H05E0,Aarush Rao,1,B.Tech,AIDS
25H71H05E1,Esha Deshmukh,1,B.Tech,AIDS
25H71H05E2,Anvi Nayak,1,B.Tech,AIDS
25H71H05E3,Diya Mehra,1,B.Tech,AIDS
25H71H05E4,Pranav Rao,1,B.Tech,AIDS
25H71H05E5,Raghav Nayak,1,B.Tech,AIDS
25H71H05E6,Tanvi Ganguly,1,B.Tech,AIDS
25H71H05E7,Myra Mehra,1,B.Tech,AIDS
25H71H05E8,Vivaan Mehra,1,B.Tech,AIDS
25H71H05E9,Neil Pandey,1,B.Tech,AIDS
25H71H05F0,Raghav Deshmukh,1,B.Tech,AIDS
25H71H05F1,Aarush Menon,1,B.Tech,AIDS
25H71H05F2,Aarush Malik,1,B.Tech,AIDS
25H71H05F3,Kiara Chopra,1,B.Tech,AIDS
25H71H05F4,Pranav Kapadia,1,B.Tech,AIDS
25H71H05F5,Vivaan Pandey,1,B.Tech,AIDS
25H71H05F6,Kiara Shukla,1,B.Tech,AIDS
25H71H05F7,Myra Malik,1,B.Tech,AIDS
25H71H05F8,Arin Chopra,1,B.Tech,AIDS
25H71H05F9,Myra Chatterjee,1,B.Tech,AIDS
25H71H05G0,Diya Ganguly,1,B.Tech,AIDS
25H71H05G1,Raghav Chopra,1,B.Tech,AIDS
25H71H05G2,Tanvi D'Souza,1,B.Tech,AIDS
25H71H05G3,Aahana Trivedi,1,B.Tech,AIDS
25H71H05G4,Neil Trivedi,1,B.Tech,AIDS
25H71H05G5,Mira Bhardwaj,1,B.Tech,AIDS
25H71H05G6,Esha Joshi,1,B.Tech,AIDS
25H71H05G7,Kiara Malik,1,B.Tech,AIDS
25H71H05G8,Vivaan Saxena,1,B.Tech,AIDS
25H71H05G9,Tania Pandey,1,B.Tech,AIDS
25H71H05H0,Reyansh Ganguly,1,B.Tech,AIDS
25H71H05H1,Myra Iyer,1,B.Tech,AIDS
25H71H05H2,Myra Mehra,1,B.Tech,AIDS
25H71H05H3,Myra Chatterjee,1,B.Tech,AIDS
25H71H05H4,Tanvi Deshmukh,1,B.Tech,AIDS
25H71H05H5,Mira Deshmukh,1,B.Tech,AIDS
25H71H05H6,Aarush Nayak,1,B.Tech,AIDS
25H71H05H7,Aahana D'Souza,1,B.Tech,AIDS
25H71H05H8,Diya Malik,1,B.Tech,AIDS
25H71H05H9,Tania Kapadia,1,B.Tech,AIDS
25H71H05I0,Reyansh D'Souza,1,B.Tech,AIDS
25H71H05I1,Tanvi Trivedi,1,B.Tech,AIDS
25H71H05I2,Kabir Malik,1,B.Tech,AIDS
25H71H05I3,Diya Saxena,1,B.Tech,AIDS
25H71H05I4,Neil Menon,1,B.Tech,AIDS
25H71H05I5,Ishaan Chatterjee,1,B.Tech,AIDS
25H71H05I6,Diya Ganguly,1,B.Tech,AIDS
25H71H05I7,Raghav Pandey,1,B.Tech,AIDS
25H71H05I8,Anvi Shukla,1,B.Tech,AIDS
25H71H05I9,Aahana Trivedi,1,B.Tech,AIDS
25H71H05J0,Raghav Menon,1,B.Tech,AIDS
25H71H05J1,Vivaan Trivedi,1,B.Tech,AIDS
25H71H05J2,Raghav Mehra,1,B.Tech,AIDS
25H71H05J3,Mira Chopra,1,B.Tech,AIDS
25H71H05J4,Sahana Saxena,1,B.Tech,AIDS
25H71H05J5,Raghav Menon,1,B.Tech,AIDS
25H71H05J6,Raghav D'Souza,1,B.Tech,AIDS
25H71H05J7,Myra Bhattacharya,1,B.Tech,AIDS
25H71H05J8,Mira Bhardwaj,1,B.Tech,AIDS
25H71H05J9,Sahana Mehra,1,B.Tech,AIDS
25H71I0501,Arin Chatterjee,1,B.Tech,AIDS
25H71I0502,Tanvi Bhattacharya,1,B.Tech,AIDS
25H71I0503,Esha Nayak,1,B.Tech,AIDS
25H71I0504,Aahana Mehra,1,B.Tech,AIDS
25H71I0505,Raghav Menon,1,B.Tech,AIDS
25H71I0506,Kiara Rao,1,B.Tech,AIDS
25H71I0507,Arin Chatterjee,1,B.Tech,AIDS
25H71I0508,Sahana Nayak,1,B.Tech,AIDS
25H71I0509,Esha Chopra,1,B.Tech,AIDS
25H71I0510,Kabir Chopra,1,B.Tech,AIDS
25H71I0511,Neil Bhattacharya,1,B.Tech,AIDS
25H71I0512,Esha Bhattacharya,1,B.Tech,AIDS
25H71I0513,Raghav Rao,1,B.Tech,AIDS
25H71I0514,Tania Joshi,1,B.Tech,AIDS
25H71I0515,Diya Saxena,1,B.Tech,AIDS
25H71I0516,Myra Choudhary,1,B.Tech,AIDS
25H71I0517,Pranav Shukla,1,B.Tech,AIDS
25H71I0518,Neil Kapadia,1,B.Tech,AIDS
25H71I0519,Reyansh Trivedi,1,B.Tech,AIDS
25H71I0520,Myra Chopra,1,B.Tech,AIDS
25H71I0521,Tanvi Kapadia,1,B.Tech,AIDS
25H71I0522,Aahana Chopra,1,B.Tech,AIDS
25H71I0523,Kabir Trivedi,1,B.Tech,AIDS
25H71I0524,Reyansh Chatterjee,1,B.Tech,AIDS
25H71I0525,Neil Choudhary,1,B.Tech,AIDS
25H71I0526,Tanvi D'Souza,1,B.Tech,AIDS
25H71I0527,Anvi Nayak,1,B.Tech,AIDS
25H71I0528,Kiara Kapadia,1,B.Tech,AIDS
25H71I0529,Ishaan Iyer,1,B.Tech,AIDS
25H71I0530,Myra D'Souza,1,B.Tech,AIDS
25H71I0531,Ishaan Menon,1,B.Tech,AIDS
25H71I0532,Sahana Chopra,1,B.Tech,AIDS
25H71I0533,Esha Joshi,1,B.Tech,AIDS
25H71I0534,Aarush Pandey,1,B.Tech,AIDS
25H71I0535,Reyansh Bhardwaj,1,B.Tech,AIDS
25H71I0536,Arin Pandey,1,B.Tech,AIDS
25H71I0537,Raghav Rao,1,B.Tech,AIDS
25H71I0538,Esha Bhattacharya,1,B.Tech,AIDS
25H71I0539,Aarush Chatterjee,1,B.Tech,AIDS
25H71I0540,Kiara Chatterjee,1,B.Tech,AIDS
25H71I0541,Aarush Mehra,1,B.Tech,AIDS
25H71I0542,Myra Choudhary,1,B.Tech,AIDS
25H71I0543,Pranav Rao,1,B.Tech,AIDS
25H71I0544,Kiara Mehra,1,B.Tech,AIDS
25H71I0545,Esha Pandey,1,B.Tech,AIDS
25H71I0546,Pranav Menon,1,B.Tech,AIDS
25H71I0547,Dev Ganguly,1,B.Tech,AIDS
25H71I0548,Reyansh D'Souza,1,B.Tech,AIDS
25H71I0549,Tania Joshi,1,B.Tech,AIDS
25H71I0550,Tanvi D'Souza,1,B.Tech,AIDS
25H71I0551,Raghav Bhardwaj,1,B.Tech,AIDS
25H71I0552,Aahana Bhardwaj,1,B.Tech,AIDS
25H71I0553,Aarush Iyer,1,B.Tech,AIDS
25H71I0554,Aahana Choudhary,1,B.Tech,AIDS
25H71I0555,Aarush Chopra,1,B.Tech,AIDS
25H71I0556,Kiara D'Souza,1,B.Tech,AIDS
25H71I0557,Kiara Iyer,1,B.Tech,AIDS
25H71I0558,Neil Bhattacharya,1,B.Tech,AIDS
25H71I0559,Esha Chopra,1,B.Tech,AIDS
25H71I0560,Aahana D'Souza,1,B.Tech,AIDS
25H71I0561,Kabir Bhattacharya,1,B.Tech,AIDS
25H71I0562,Tania Chopra,1,B.Tech,AIDS
25H71I0563,Diya Chatterjee,1,B.Tech,AIDS
25H71I0564,Sahana Nayak,1,B.Tech,AIDS
25H71I0565,Kabir Saxena,1,B.Tech,AIDS
25H71I0566,Tanvi Malik,1,B.Tech,AIDS
25H71I0567,Raghav Rao,1,B.Tech,AIDS
25H71I0568,Diya D'Souza,1,B.Tech,AIDS
25H71I0569,Raghav Rao,1,B.Tech,AIDS
25H71I0570,Arin Bhardwaj,1,B.Tech,AIDS
25H71I0571,Ishaan Chopra,1,B.Tech,AIDS
25H71I0572,Aahana Nayak,1,B.Tech,AIDS
25H71I0573,Sahana Trivedi,1,B.Tech,AIDS
25H71I0574,Raghav Deshmukh,1,B.Tech,AIDS
25H71I0575,Reyansh Kapadia,1,B.Tech,AIDS
25H71I0576,Ishaan Trivedi,1,B.Tech,AIDS
25H71I0577,Aarush Bhattacharya,1,B.Tech,AIDS
25H71I0578,Ishaan Chatterjee,1,B.Tech,AIDS
25H71I0579,Tania Shukla,1,B.Tech,AIDS
25H71I0580,Mira Choudhary,1,B.Tech,AIDS
25H71I0581,Sahana Joshi,1,B.Tech,AIDS
25H71I0582,Aarush Saxena,1,B.Tech,AIDS
25H71I0583,Sahana Joshi,1,B.Tech,AIDS
25H71I0584,Kabir Chatterjee,1,B.Tech,AIDS
25H71I0585,Anvi Shukla,1,B.Tech,AIDS
25H71I0586,Vivaan Kapadia,1,B.Tech,AIDS
25H71I0587,Aarush Joshi,1,B.Tech,AIDS
25H71I0588,Dev Iyer,1,B.Tech,AIDS
25H71I0589,Aahana Choudhary,1,B.Tech,AIDS
25H71I0590,Esha Rao,1,B.Tech,AIDS
25H71I0591,Esha Shukla,1,B.Tech,AIDS
25H71I0592,Reyansh Bhattacharya,1,B.Tech,AIDS
25H71I0593,Tania Ganguly,1,B.Tech,AIDS
25H71I0594,Vivaan Menon,1,B.Tech,AIDS
25H71I0595,Myra Nayak,1,B.Tech,AIDS
25H71I0596,Aarush Chatterjee,1,B.Tech,AIDS
25H71I0597,Reyansh Menon,1,B.Tech,AIDS
25H71I0598,Aahana Shukla,1,B.Tech,AIDS
25H71I0599,Mira Rao,1,B.Tech,AIDS
25H71I05A0,Reyansh Saxena,1,B.Tech,AIDS
25H71I05A1,Mira Chatterjee,1,B.Tech,AIDS
25H71I05A2,Mira Kapadia,1,B.Tech,AIDS
25H71I05A3,Aarush Deshmukh,1,B.Tech,AIDS
25H71I05A4,Kiara Malik,1,B.Tech,AIDS
25H71I05A5,Pranav Chatterjee,1,B.Tech,AIDS
25H71I05A6,Aarush Choudhary,1,B.Tech,AIDS
25H71I05A7,Tanvi Ganguly,1,B.Tech,AIDS
25H71I05A8,Esha Joshi,1,B.Tech,AIDS
25H71I05A9,Sahana Nayak,1,B.Tech,AIDS
25H71I05B0,Esha Deshmukh,1,B.Tech,AIDS
25H71I05B1,Dev Mehra,1,B.Tech,AIDS
25H71I05B2,Tanvi Pandey,1,B.Tech,AIDS
25H71I05B3,Dev Malik,1,B.Tech,AIDS
25H71I05B4,Vivaan Deshmukh,1,B.Tech,AIDS
25H71I05B5,Reyansh Chopra,1,B.Tech,AIDS
25H71I05B6,Kabir Kapadia,1,B.Tech,AIDS
25H71I05B7,Sahana Bhardwaj,1,B.Tech,AIDS
25H71I05B8,Myra Bhattacharya,1,B.Tech,AIDS
25H71I05B9,Kabir Bhattacharya,1,B.Tech,AIDS
25H71I05C0,Dev Bhardwaj,1,B.Tech,AIDS
25H71I05C1,Esha Iyer,1,B.Tech,AIDS
25H71I05C2,Raghav D'Souza,1,B.Tech,AIDS
25H71I05C3,Neil Ganguly,1,B.Tech,AIDS
25H71I05C4,Raghav Ganguly,1,B.Tech,AIDS
25H71I05C5,Diya Nayak,1,B.Tech,AIDS
25H71I05C6,Vivaan Kapadia,1,B.Tech,AIDS
25H71I05C7,Anvi Iyer,1,B.Tech,AIDS
25H71I05C8,Aahana Mehra,1,B.Tech,AIDS
25H71I05C9,Raghav Chatterjee,1,B.Tech,AIDS
25H71I05D0,Kabir Joshi,1,B.Tech,AIDS
25H71I05D1,Esha Deshmukh,1,B.Tech,AIDS
25H71I05D2,Tanvi Rao,1,B.Tech,AIDS
25H71I05D3,Aahana D'Souza,1,B.Tech,AIDS
25H71I05D4,Mira Deshmukh,1,B.Tech,AIDS
25H71I05D5,Aahana Deshmukh,1,B.Tech,AIDS
25H71I05D6,Kiara Chatterjee,1,B.Tech,AIDS
25H71I05D7,Esha Deshmukh,1,B.Tech,AIDS
25H71I05D8,Tanvi Mehra,1,B.Tech,AIDS
25H71I05D9,Myra Nayak,1,B.Tech,AIDS
25H71I05E0,Diya Iyer,1,B.Tech,AIDS
25H71I05E1,Ishaan D'Souza,1,B.Tech,AIDS
25H71I05E2,Vivaan Iyer,1,B.Tech,AIDS
25H71I05E3,Tanvi Pandey,1,B.Tech,AIDS
25H71I05E4,Esha Kapadia,1,B.Tech,AIDS
25H71I05E5,Myra Chopra,1,B.Tech,AIDS
25H71I05E6,Aarush Shukla,1,B.Tech,AIDS
25H71I05E7,Diya D'Souza,1,B.Tech,AIDS
25H71I05E8,Pranav Choudhary,1,B.Tech,AIDS
25H71I05E9,Reyansh Deshmukh,1,B.Tech,AIDS
25H71I05F0,Vivaan Kapadia,1,B.Tech,AIDS
25H71I05F1,Mira Bhardwaj,1,B.Tech,AIDS
25H71I05F2,Aahana Kapadia,1,B.Tech,AIDS
25H71I05F3,Pranav Trivedi,1,B.Tech,AIDS
25H71I05F4,Esha Chopra,1,B.Tech,AIDS
25H71I05F5,Raghav Bhardwaj,1,B.Tech,AIDS
25H71I05F6,Tanvi Choudhary,1,B.Tech,AIDS
25H71I05F7,Kiara Joshi,1,B.Tech,AIDS
25H71I05F8,Diya D'Souza,1,B.Tech,AIDS
25H71I05F9,Kabir D'Souza,1,B.Tech,AIDS
25H71I05G0,Diya Rao,1,B.Tech,AIDS
25H71I05G1,Mira Rao,1,B.Tech,AIDS
25H71I05G2,Dev Saxena,1,B.Tech,AIDS
25H71I05G3,Aahana Mehra,1,B.Tech,AIDS
25H71I05G4,Mira Trivedi,1,B.Tech,AIDS
25H71I05G5,Esha Nayak,1,B.Tech,AIDS
25H71I05G6,Aarush Shukla,1,B.Tech,AIDS
25H71I05G7,Dev Joshi,1,B.Tech,AIDS
25H71I05G8,Ishaan Shukla,1,B.Tech,AIDS
25H71I05G9,Kiara Kapadia,1,B.Tech,AIDS
25H71I05H0,Esha Shukla,1,B.Tech,AIDS
25H71I05H1,Tania Trivedi,1,B.Tech,AIDS
25H71I05H2,Raghav Rao,1,B.Tech,AIDS
25H71I05H3,Raghav Malik,1,B.Tech,AIDS
25H71I05H4,Esha Iyer,1,B.Tech,AIDS
25H71I05H5,Arin Trivedi,1,B.Tech,AIDS
25H71I05H6,Kabir Iyer,1,B.Tech,AIDS
25H71I05H7,Arin Ganguly,1,B.Tech,AIDS
25H71I05H8,Kabir Bhattacharya,1,B.Tech,AIDS
25H71I05H9,Anvi Deshmukh,1,B.Tech,AIDS
25H71I05I0,Dev Malik,1,B.Tech,AIDS
25H71I05I1,Pranav Pandey,1,B.Tech,AIDS
25H71I05I2,Myra Nayak,1,B.Tech,AIDS
25H71I05I3,Neil Nayak,1,B.Tech,AIDS
25H71I05I4,Aahana Pandey,1,B.Tech,AIDS
25H71I05I5,Kabir Joshi,1,B.Tech,AIDS
25H71I05I6,Sahana Iyer,1,B.Tech,AIDS
25H71I05I7,Anvi Kapadia,1,B.Tech,AIDS
25H71I05I8,Sahana Saxena,1,B.Tech,AIDS
25H71I05I9,Kabir D'Souza,1,B.Tech,AIDS
25H71I05J0,Pranav Chopra,1,B.Tech,AIDS
25H71I05J1,Raghav Malik,1,B.Tech,AIDS
25H71I05J2,Dev Bhattacharya,1,B.Tech,AIDS
25H71I05J3,Sahana Pandey,1,B.Tech,AIDS
25H71I05J4,Aahana Ganguly,1,B.Tech,AIDS
25H71I05J5,Vivaan Ganguly,1,B.Tech,AIDS
25H71I05J6,Tanvi Menon,1,B.Tech,AIDS
25H71I05J7,Neil Chopra,1,B.Tech,AIDS
25H71I05J8,Ishaan Pandey,1,B.Tech,AIDS
25H71I05J9,Arin Rao,1,B.Tech,AIDS
25H71J0501,Aahana Joshi,1,B.Tech,AIDS
25H71J0502,Neil Ganguly,1,B.Tech,AIDS
25H71J0503,Tanvi Ganguly,1,B.Tech,AIDS
25H71J0504,Arin Iyer,1,B.Tech,AIDS
25H71J0505,Arin Pandey,1,B.Tech,AIDS
25H71J0506,Anvi Malik,1,B.Tech,AIDS
25H71J0507,Reyansh Malik,1,B.Tech,AIDS
25H71J0508,Reyansh Shukla,1,B.Tech,AIDS
25H71J0509,Arin Nayak,1,B.Tech,AIDS
25H71J0510,Diya Nayak,1,B.Tech,AIDS
25H71J0511,Myra Choudhary,1,B.Tech,AIDS
25H71J0512,Vivaan Shukla,1,B.Tech,AIDS
25H71J0513,Anvi Trivedi,1,B.Tech,AIDS
25H71J0514,Neil Joshi,1,B.Tech,AIDS
25H71J0515,Myra Bhattacharya,1,B.Tech,AIDS
25H71J0516,Aahana Saxena,1,B.Tech,AIDS
25H71J0517,Aarush Kapadia,1,B.Tech,AIDS
25H71J0518,Raghav Joshi,1,B.Tech,AIDS
25H71J0519,Anvi Joshi,1,B.Tech,AIDS
25H71J0520,Myra Iyer,1,B.Tech,AIDS
25H71J0521,Esha D'Souza,1,B.Tech,AIDS
25H71J0522,Kiara Iyer,1,B.Tech,AIDS
25H71J0523,Esha Deshmukh,1,B.Tech,AIDS
25H71J0524,Kabir Choudhary,1,B.Tech,AIDS
25H71J0525,Sahana Nayak,1,B.Tech,AIDS
25H71J0526,Kiara Chatterjee,1,B.Tech,AIDS
25H71J0527,Ishaan Deshmukh,1,B.Tech,AIDS
25H71J0528,Arin Mehra,1,B.Tech,AIDS
25H71J0529,Ishaan Malik,1,B.Tech,AIDS
25H71J0530,Pranav Malik,1,B.Tech,AIDS
25H71J0531,Aahana Trivedi,1,B.Tech,AIDS
25H71J0532,Kiara Deshmukh,1,B.Tech,AIDS
25H71J0533,Arin Joshi,1,B.Tech,AIDS
25H71J0534,Vivaan Mehra,1,B.Tech,AIDS
25H71J0535,Diya Chatterjee,1,B.Tech,AIDS
25H71J0536,Dev Trivedi,1,B.Tech,AIDS
25H71J0537,Vivaan Iyer,1,B.Tech,AIDS
25H71J0538,Aarush D'Souza,1,B.Tech,AIDS
25H71J0539,Anvi Chopra,1,B.Tech,AIDS
25H71J0540,Tania Mehra,1,B.Tech,AIDS
25H71J0541,Neil Bhattacharya,1,B.Tech,AIDS
25H71J0542,Dev Bhardwaj,1,B.Tech,AIDS
25H71J0543,Esha Nayak,1,B.Tech,AIDS
25H71J0544,Anvi Bhardwaj,1,B.Tech,AIDS
25H71J0545,Aarush Malik,1,B.Tech,AIDS
25H71J0546,Reyansh Malik,1,B.Tech,AIDS
25H71J0547,Arin Joshi,1,B.Tech,AIDS
25H71J0548,Dev Rao,1,B.Tech,AIDS
25H71J0549,Vivaan Ganguly,1,B.Tech,AIDS
25H71J0550,Pranav Saxena,1,B.Tech,AIDS
25H71J0551,Aarush Shukla,1,B.Tech,AIDS
25H71J0552,Ishaan Mehra,1,B.Tech,AIDS
25H71J0553,Aahana Ganguly,1,B.Tech,AIDS
25H71J0554,Ishaan Trivedi,1,B.Tech,AIDS
25H71J0555,Mira Shukla,1,B.Tech,AIDS
25H71J0556,Vivaan Ganguly,1,B.Tech,AIDS
25H71J0557,Neil Trivedi,1,B.Tech,AIDS
25H71J0558,Ishaan Iyer,1,B.Tech,AIDS
25H71J0559,Kiara Rao,1,B.Tech,AIDS
25H71J0560,Esha Iyer,1,B.Tech,AIDS
25H71J0561,Aarush Menon,1,B.Tech,AIDS
25H71J0562,Dev D'Souza,1,B.Tech,AIDS
25H71J0563,Raghav Deshmukh,1,B.Tech,AIDS
25H71J0564,Pranav Chopra,1,B.Tech,AIDS
25H71J0565,Kiara Chatterjee,1,B.Tech,AIDS
25H71J0566,Arin Choudhary,1,B.Tech,AIDS
25H71J0567,Kabir D'Souza,1,B.Tech,AIDS
25H71J0568,Kiara Trivedi,1,B.Tech,AIDS
25H71J0569,Esha Shukla,1,B.Tech,AIDS
25H71J0570,Kiara Choudhary,1,B.Tech,AIDS
25H71J0571,Mira Malik,1,B.Tech,AIDS
25H71J0572,Sahana Saxena,1,B.Tech,AIDS
25H71J0573,Tanvi Nayak,1,B.Tech,AIDS
25H71J0574,Pranav Nayak,1,B.Tech,AIDS
25H71J0575,Esha Pandey,1,B.Tech,AIDS
25H71J0576,Neil Joshi,1,B.Tech,AIDS
25H71J0577,Pranav Mehra,1,B.Tech,AIDS
25H71J0578,Anvi Bhattacharya,1,B.Tech,AIDS
25H71J0579,Arin Bhattacharya,1,B.Tech,AIDS
25H71J0580,Vivaan Trivedi,1,B.Tech,AIDS
25H71J0581,Mira Malik,1,B.Tech,AIDS
25H71J0582,Kabir Ganguly,1,B.Tech,AIDS
25H71J0583,Kabir Rao,1,B.Tech,AIDS
25H71J0584,Anvi Saxena,1,B.Tech,AIDS
25H71J0585,Tania Iyer,1,B.Tech,AIDS
25H71J0586,Tanvi Malik,1,B.Tech,AIDS
25H71J0587,Aarush Bhattacharya,1,B.Tech,AIDS
25H71J0588,Aahana Ganguly,1,B.Tech,AIDS
25H71J0589,Sahana Malik,1,B.Tech,AIDS
25H71J0590,Diya Pandey,1,B.Tech,AIDS
25H71J0591,Reyansh Ganguly,1,B.Tech,AIDS
25H71J0592,Myra Choudhary,1,B.Tech,AIDS
25H71J0593,Anvi Pandey,1,B.Tech,AIDS
25H71J0594,Raghav Shukla,1,B.Tech,AIDS
25H71J0595,Aahana Rao,1,B.Tech,AIDS
25H71J0596,Diya Mehra,1,B.Tech,AIDS
25H71J0597,Dev Chopra,1,B.Tech,AIDS
25H71J0598,Diya Chopra,1,B.Tech,AIDS
25H71J0599,Neil Shukla,1,B.Tech,AIDS
25H71J05A0,Esha Nayak,1,B.Tech,AIDS
25H71J05A1,Vivaan Chopra,1,B.Tech,AIDS
25H71J05A2,Esha Chatterjee,1,B.Tech,AIDS
25H71J05A3,Aahana Trivedi,1,B.Tech,AIDS
25H71J05A4,Myra Mehra,1,B.Tech,AIDS
25H71J05A5,Neil Joshi,1,B.Tech,AIDS
25H71J05A6,Neil Deshmukh,1,B.Tech,AIDS
25H71J05A7,Arin Trivedi,1,B.Tech,AIDS
25H71J05A8,Tania Nayak,1,B.Tech,AIDS
25H71J05A9,Myra Pandey,1,B.Tech,AIDS
25H71J05B0,Raghav Ganguly,1,B.Tech,AIDS
25H71J05B1,Esha Choudhary,1,B.Tech,AIDS
25H71J05B2,Kiara Mehra,1,B.Tech,AIDS
25H71J05B3,Dev Chopra,1,B.Tech,AIDS
25H71J05B4,Kiara Bhattacharya,1,B.Tech,AIDS
25H71J05B5,Raghav Nayak,1,B.Tech,AIDS
25H71J05B6,Anvi Chopra,1,B.Tech,AIDS
25H71J05B7,Sahana Malik,1,B.Tech,AIDS
25H71J05B8,Mira Menon,1,B.Tech,AIDS
25H71J05B9,Reyansh Shukla,1,B.Tech,AIDS
25H71J05C0,Esha Choudhary,1,B.Tech,AIDS
25H71J05C1,Kabir Deshmukh,1,B.Tech,AIDS
25H71J05C2,Esha Choudhary,1,B.Tech,AIDS
25H71J05C3,Sahana Malik,1,B.Tech,AIDS
25H71J05C4,Esha Saxena,1,B.Tech,AIDS
25H71J05C5,Diya D'Souza,1,B.Tech,AIDS
25H71J05C6,Arin Pandey,1,B.Tech,AIDS
25H71J05C7,Neil Chopra,1,B.Tech,AIDS
25H71J05C8,Kiara D'Souza,1,B.Tech,AIDS
25H71J05C9,Tanvi Trivedi,1,B.Tech,AIDS
25H71J05D0,Mira Saxena,1,B.Tech,AIDS
25H71J05D1,Kiara Iyer,1,B.Tech,AIDS
25H71J05D2,Aahana Bhattacharya,1,B.Tech,AIDS
25H71J05D3,Kabir Chopra,1,B.Tech,AIDS
25H71J05D4,Reyansh Menon,1,B.Tech,AIDS
25H71J05D5,Reyansh Rao,1,B.Tech,AIDS
25H71J05D6,Esha Saxena,1,B.Tech,AIDS
25H71J05D7,Arin Chatterjee,1,B.Tech,AIDS
25H71J05D8,Aarush Joshi,1,B.Tech,AIDS
25H71J05D9,Kabir Bhattacharya,1,B.Tech,AIDS
25H71J05E0,Myra Rao,1,B.Tech,AIDS
25H71J05E1,Myra Menon,1,B.Tech,AIDS
25H71J05E2,Aahana D'Souza,1,B.Tech,AIDS
25H71J05E3,Aarush Shukla,1,B.Tech,AIDS
25H71J05E4,Ishaan Deshmukh,1,B.Tech,AIDS
25H71J05E5,Ishaan Iyer,1,B.Tech,AIDS
25H71J05E6,Anvi Kapadia,1,B.Tech,AIDS
25H71J05E7,Dev D'Souza,1,B.Tech,AIDS
25H71J05E8,Reyansh Deshmukh,1,B.Tech,AIDS
25H71J05E9,Dev Iyer,1,B.Tech,AIDS
25H71J05F0,Tania Bhardwaj,1,B.Tech,AIDS
25H71J05F1,Pranav Iyer,1,B.Tech,AIDS
25H71J05F2,Aahana Rao,1,B.Tech,AIDS
25H71J05F3,Kabir Bhardwaj,1,B.Tech,AIDS
25H71J05F4,Aarush Bhardwaj,1,B.Tech,AIDS
25H71J05F5,Arin Deshmukh,1,B.Tech,AIDS
25H71J05F6,Tanvi Saxena,1,B.Tech,AIDS
25H71J05F7,Pranav Choudhary,1,B.Tech,AIDS
25H71J05F8,Tania Joshi,1,B.Tech,AIDS
25H71J05F9,Tanvi Menon,1,B.Tech,AIDS
25H71J05G0,Neil Saxena,1,B.Tech,AIDS
25H71J05G1,Pranav D'Souza,1,B.Tech,AIDS
25H71J05G2,Tania Chopra,1,B.Tech,AIDS
25H71J05G3,Anvi Chopra,1,B.Tech,AIDS
25H71J05G4,Tanvi Iyer,1,B.Tech,AIDS
25H71J05G5,Anvi Deshmukh,1,B.Tech,AIDS
25H71J05G6,Ishaan Saxena,1,B.Tech,AIDS
25H71J05G7,Sahana Malik,1,B.Tech,AIDS
25H71J05G8,Arin Chopra,1,B.Tech,AIDS
25H71J05G9,Vivaan Bhardwaj,1,B.Tech,AIDS
25H71J05H0,Pranav Bhattacharya,1,B.Tech,AIDS
25H71J05H1,Vivaan Chopra,1,B.Tech,AIDS
25H71J05H2,Neil Chatterjee,1,B.Tech,AIDS
25H71J05H3,Dev D'Souza,1,B.Tech,AIDS
25H71J05H4,Mira Nayak,1,B.Tech,AIDS
25H71J05H5,Reyansh Bhattacharya,1,B.Tech,AIDS
25H71J05H6,Reyansh Bhattacharya,1,B.Tech,AIDS
25H71J05H7,Pranav Rao,1,B.Tech,AIDS
25H71J05H8,Pranav Trivedi,1,B.Tech,AIDS
25H71J05H9,Vivaan Shukla,1,B.Tech,AIDS
25H71J05I0,Aahana Mehra,1,B.Tech,AIDS
25H71J05I1,Diya Malik,1,B.Tech,AIDS
25H71J05I2,Pranav Rao,1,B.Tech,AIDS
25H71J05I3,Aarush Deshmukh,1,B.Tech,AIDS
25H71J05I4,Myra Pandey,1,B.Tech,AIDS
25H71J05I5,Anvi Menon,1,B.Tech,AIDS
25H71J05I6,Esha Pandey,1,B.Tech,AIDS
25H71J05I7,Raghav Rao,1,B.Tech,AIDS
25H71J05I8,Pranav Joshi,1,B.Tech,AIDS
25H71J05I9,Mira Bhardwaj,1,B.Tech,AIDS
25H71J05J0,Neil Menon,1,B.Tech,AIDS
25H71J05J1,Vivaan Saxena,1,B.Tech,AIDS
25H71J05J2,Aahana Chopra,1,B.Tech,AIDS
25H71J05J3,Raghav Menon,1,B.Tech,AIDS
25H71J05J4,Arin Chopra,1,B.Tech,AIDS
25H71J05J5,Tania Deshmukh,1,B.Tech,AIDS
25H71J05J6,Vivaan Rao,1,B.Tech,AIDS
25H71J05J7,Myra Nayak,1,B.Tech,AIDS
25H71J05J8,Myra Deshmukh,1,B.Tech,AIDS
25H71J05J9,Aarush Choudhary,1,B.Tech,AIDS
